,Gender,Married,Dependents,Education,Self_Employed,Credit_History,Property_Area,Loan_Amount_Term_Year,Marital_status,Income_category,ApplicantIncome_log,CoapplicantIncome_log,LoanAmount_log,Total_Income_log,EMI_log
0,-1.0,0.0,2.0,1.0,0.0,0.0,0.0,0.0,0.0,-1.0,-4.170007536609404,0.1343415628873895,-0.6063478757726528,-0.9397946948055522,-0.5108645506758187
1,0.0,0.0,0.0,0.0,0.0,-1.0,-0.5,-15.0,0.0,-0.5133688706663677,-0.3163990373327896,0.11411529349313161,-0.11128091719923025,0.08684088588270515,1.2321644332588164
2,0.0,0.0,0.0,1.0,0.0,0.0,-0.5,0.0,0.0,-1.0,-0.39210751209211214,-0.08463682513502153,-1.5038785366115546,-0.7684376411360616,-1.2670585048196488
3,0.0,0.0,2.0,0.0,0.0,0.0,0.0,0.0,0.0,0.0,0.2952240121289267,0.03821538517871553,0.3601019252636824,0.2134124036944991,0.30339565057914675
4,0.0,0.0,3.0,0.0,0.0,0.0,-0.5,0.0,0.0,-1.0,-0.5212963463232134,0.09079450810491026,-0.6769369374753476,-0.21776450917811974,-0.5703377520017445
5,0.0,-1.0,0.0,0.0,0.0,0.0,-0.5,0.0,-1.0,0.0,1.8291338942953264,0.1036759042346613,1.967879794340691,1.9032287277245472,1.6579921643805957
6,0.0,0.0,0.0,0.0,0.0,0.0,0.5,0.0,0.0,0.0,2.4306638158735723,0.2412554840884168,3.0009566668602137,2.8169048483765904,2.5283874826139625
7,-1.0,0.0,0.0,0.0,0.0,0.0,0.5,0.0,0.0,0.0,0.1760476659477604,0.11183195167538526,-0.3440837281663847,0.39846981130647435,-0.2898998845515688
8,-1.0,-1.0,0.0,0.0,1.0,-1.0,0.5,0.0,-1.0,0.0,1.5658002539292404,-0.8978546479050019,1.7458072445127921,1.296329538271235,1.4708900107848606
9,0.0,0.0,3.0,1.0,1.0,0.0,0.0,0.0,0.0,0.0,-0.20068988936097987,0.0958469906568389,0.0352012002080292,0.03560472489062778,0.029657967061579558
10,-1.0,-1.0,0.0,0.0,0.0,0.0,-0.5,0.0,-1.0,0.0,1.3768487910110594,0.06191096868790742,1.2806828544712054,1.335197522199022,1.0790100817520882
11,0.0,-1.0,0.0,0.0,0.0,-1.0,0.5,10.0,-1.0,-1.0,-0.6269920763241811,-0.07465305043209694,-0.48621510023497155,-0.6122319837313218,-0.959956621739907
12,-1.0,0.0,0.0,0.0,0.0,0.0,-0.5,0.0,0.0,-1.0,-0.7850095021116306,-0.8978546479050019,-1.5477169260707981,-1.5327555870109304,-1.3039935383676933
13,0.0,0.0,0.0,0.0,0.0,0.0,0.0,0.0,0.0,0.0,-0.20068988936097987,0.11439174298208912,0.0,0.13749207511901645,0.0
14,0.0,0.0,2.0,0.0,0.0,0.0,-0.5,0.0,0.0,-1.0,-0.5667076268427453,0.10528498242178014,-0.053846759374221745,-0.15910031801694705,-0.04536735697805193
15,0.0,-1.0,0.0,0.0,0.0,0.0,0.5,0.0,-1.0,-1.0,-0.6257139215892812,-0.8978546479050019,-1.7584332305179464,-1.3410511089174122,-1.4815277468520378
16,-1.0,-1.0,0.0,0.0,0.0,-1.0,0.0,0.0,-1.0,-1.0,-0.2358193551696112,-0.8978546479050019,-0.7133532909104779,-0.8718319747651332,-0.6010195186545643
17,0.0,0.0,0.0,1.0,0.0,0.0,-0.5,0.0,0.0,-0.3311769054693905,-0.009677422785668873,-0.057243748061918315,-1.0843830018638685,-0.32226857754421584,-0.9136221254206046
18,0.0,0.0,0.0,0.0,1.0,0.0,0.0,-20.0,0.0,-1.0,-0.14741178989180778,-0.8978546479050019,-3.7079659901099875,-0.7654377728323175,-1.0225259772461321
19,0.0,0.0,0.0,0.0,0.0,0.0,0.5,0.0,0.0,0.0,0.7033920556617009,-0.8978546479050019,0.5066322445696168,0.2584632458711494,0.42685142361574235
20,0.0,-1.0,0.0,0.0,0.0,-1.0,0.0,0.0,-1.0,0.0,1.4565516458236547,-0.8978546479050019,0.8843554104328095,1.164854155648261,0.7450934479036243
21,0.0,-1.0,0.0,1.0,0.0,0.0,0.0,0.0,-1.0,0.0,0.819517932587969,-0.8978546479050019,0.0352012002080292,0.39821508679669826,0.029657967061579558
22,0.0,0.0,2.0,0.0,0.0,0.0,0.0,0.0,0.0,-1.0,-0.49885305745617553,0.015889925859271604,-0.6296345612741081,-0.5692041593467798,-0.5304842155592334
23,0.0,0.0,1.0,0.0,1.0,0.0,0.0,0.0,0.0,0.0,-0.15115249601744504,0.09054595909187894,0.5348367306639417,0.045005856399595846,0.45061446904120755
24,0.0,0.0,1.0,0.0,0.0,0.0,0.5,0.0,0.0,-1.0,-0.44284431727278945,0.06623656600899099,-0.033876552936698355,-0.27476262521028527,-0.028541915764772326
25,-1.0,-1.0,0.0,1.0,0.0,0.0,-0.5,0.0,-1.0,-1.0,-0.17211355279871296,-0.8978546479050019,-0.6769369374753476,-0.7951651422328371,-0.5703377520017445
26,0.0,0.0,1.0,0.0,0.0,0.0,0.5,0.0,0.0,-1.0,-0.9239776169587887,0.13469575810244952,-0.282992187818544,-0.14998011486413726,-0.2384286028716853
27,0.0,0.0,0.0,0.0,0.0,-1.0,-0.5,0.0,0.0,0.0,-0.095006135805455,0.1266950780468046,0.04334524664847601,0.3019584305288306,0.03651954733870961
28,0.0,-1.0,0.0,0.0,0.0,0.0,0.5,0.0,-1.0,0.0,-1.056837856742403,0.45138612573805215,-0.7996928831814855,3.266524585766627,-0.673762969688933
29,0.0,0.0,2.0,0.0,0.0,-1.0,0.0,0.0,0.0,-1.0,0.25139102075486247,-0.8978546479050019,0.07657135138004388,-0.2854980003254353,0.06451344282778183
30,-1.0,-1.0,0.0,0.0,0.0,0.0,-0.5,0.0,-1.0,0.0,-0.026845361120625688,0.06191096868790742,0.1208880460260375,0.013149465456502028,0.10185146148400843
31,0.0,0.0,2.0,0.0,0.0,0.0,0.0,0.0,0.0,-1.0,-0.04412363086836987,-0.8978546479050019,-0.14653031930593433,-0.6411355005790681,-0.12345577303659556
32,0.0,0.0,0.0,0.0,0.0,0.0,0.0,0.0,0.0,0.0,1.4917304827565805,-0.8978546479050019,1.3697308140534583,1.2071901737100887,1.1540354057917206
33,0.0,0.0,0.0,0.0,0.0,0.0,0.5,0.0,0.0,0.0,-0.6136022029852093,0.16840627051774992,-0.14653031930593433,0.2694761812325054,-0.12345577303659556
34,0.0,-1.0,0.0,0.0,1.0,0.0,0.5,0.0,-1.0,0.0,1.5136958037740815,-0.8978546479050019,-0.9835276283512734,1.2336243684819008,-0.8286487345150978
35,0.0,-1.0,0.0,0.0,0.0,0.0,-0.5,0.0,-1.0,0.0,-0.06004915121850997,0.18456050587570694,0.6708313840430792,0.6783856807144447,0.565193657439149
36,-1.0,-1.0,0.0,0.0,1.0,0.0,-0.5,0.0,-1.0,0.0,0.9524532138898327,-0.8978546479050019,0.9441089318089659,0.5581962277588189,0.795437412266046
37,-1.0,-1.0,0.0,0.0,0.0,0.0,0.0,0.0,-1.0,0.0,1.3768487910110594,-0.8978546479050019,1.166878845184721,1.0689356490939106,0.9831271135877129
38,0.0,0.0,2.0,0.0,0.0,0.0,0.0,0.0,0.0,0.0,0.38162329401292566,0.16393464143110104,1.3890537556482017,0.8217347659228987,1.1703155087985204
39,-1.0,-1.0,0.0,0.0,0.0,0.0,-0.5,10.0,-1.0,-1.0,-2.558827193820622,0.16449773142339624,-0.282992187818544,-0.3781651236154672,-0.7887357995240227
40,0.0,0.0,0.0,0.0,0.0,0.0,0.0,0.0,0.0,0.0,0.02008674522159994,0.12285094711113528,0.5348367306639417,0.33939860082384843,0.45061446904120755
41,0.0,-1.0,0.0,1.0,0.0,0.0,-0.5,0.0,-1.0,0.0,0.02561688515254386,0.06191096868790742,-0.3648184104769712,0.05715135556186068,-0.3073694174471944
42,0.0,0.0,0.0,0.0,0.0,0.0,-0.5,0.0,0.0,0.0,-0.5212963463232134,0.18453043038527983,-0.12768845238893098,0.44421533608517527,-0.10758098850934335
43,0.0,-1.0,0.0,0.0,0.0,-1.0,0.0,0.0,-1.0,-1.0,-0.47610907162833704,-0.8978546479050019,-1.0919949293739384,-1.1610089533976107,-0.9200353810492391
44,0.0,0.0,2.0,0.0,1.0,0.0,0.5,0.0,0.0,0.0,-1.2543842994490841,0.383363246865444,1.4177332771942235,2.399623903818356,1.194478784491597
45,0.0,0.0,0.0,0.0,0.0,0.0,-0.5,0.0,0.0,-0.07972145766434968,-0.18080702997225725,0.09302393000303508,-0.04164130684373047,0.03939623752562214,-0.03508393178283756
46,0.0,0.0,0.0,0.0,0.0,0.0,0.0,0.0,0.0,0.0,-0.37206698846444597,0.13358566272506436,0.05259923118886774,0.144882060333021,0.044316280605342706
47,0.0,-1.0,0.0,0.0,0.0,-1.0,0.0,0.0,-1.0,-1.0,-0.13965358093282895,-0.8978546479050019,-0.738984295053048,-0.7561011459494843,-0.6226143356529403
48,0.0,-1.0,0.0,0.0,0.0,0.0,-0.5,0.0,-1.0,0.0,-0.995600136762579,0.20565768718464864,-1.4697360596370266,0.4474369947045443,-1.2382925408318548
49,-1.0,0.0,0.0,1.0,1.0,0.0,-0.5,0.0,0.0,0.0,0.8935673285190014,-0.8978546479050019,0.17078965769502033,0.48732993074622777,0.14389492439016363
50,0.0,0.0,2.0,0.0,0.0,0.0,0.5,0.0,0.0,-1.0,-0.37741631752419397,0.05692698796481258,0.0,-0.29173145705145176,0.0
51,0.0,0.0,2.0,0.0,0.0,-1.0,0.0,0.0,0.0,-1.0,0.19807925854401173,-0.8978546479050019,-0.017807400564500375,-0.3496561114127859,-0.015003218534402816
52,0.0,-1.0,0.0,0.0,0.0,0.0,-0.5,0.0,-1.0,0.0,-0.36142775097958707,0.09079450810491026,-0.14653031930593433,-0.10713398045101791,-0.12345577303659556
53,-1.0,-1.0,0.0,0.0,0.0,-1.0,0.0,0.0,-1.0,-1.0,0.1650707499002324,-0.8978546479050019,0.1376440773042809,-0.38938024501053686,0.11596887284487392
54,0.0,0.0,0.0,0.0,0.0,0.0,0.0,-15.0,0.0,0.0,-0.35182365571166396,0.1547644522651806,-1.8769174309693994,0.3021000019580861,-0.2554322753379096
55,0.0,-1.0,0.0,0.0,0.0,0.0,0.5,0.0,-1.0,-1.0,-0.9239776169587887,0.08086290830546988,-1.2441176218201626,-0.5391448665887438,-1.0482028803170589
56,0.0,0.0,0.0,1.0,1.0,0.0,0.5,0.0,0.0,-1.0,0.29125389589993544,-0.8978546479050019,-0.653162563875551,-0.23752497025181615,-0.5503071966523378
57,0.0,-1.0,0.0,0.0,0.0,-1.0,0.0,0.0,-1.0,-1.0,0.11961499925683539,-0.8978546479050019,-0.6063478757726528,-0.44408402853589923,-0.5108645506758187
58,0.0,0.0,0.0,0.0,0.0,0.0,0.5,0.0,0.0,0.0,-0.2555737646605973,0.1407843606671936,0.6708313840430792,0.26342775475485514,0.565193657439149
59,-1.0,-1.0,0.0,0.0,0.0,0.0,0.5,-15.0,-1.0,-1.0,-0.007511431670201361,-0.8978546479050019,-0.22350148481211646,-0.597074500794105,1.137615557702703
60,0.0,-1.0,0.0,0.0,0.0,0.0,0.0,0.0,-1.0,0.0,0.6292131978175091,0.18246871788274863,1.9033693643459835,1.0985730981820527,1.6036403753334996
61,0.0,0.0,1.0,0.0,1.0,0.0,0.5,-15.0,0.0,0.0,1.352668342501797,0.07426238373084629,0.7991385108351591,1.335197522199022,1.999217523758486
62,0.0,0.0,1.0,0.0,0.0,0.0,0.0,0.0,0.0,0.0,0.8388613550078866,-0.8978546479050019,1.0132644891392335,0.4214939542165794,0.8537028472314847
63,0.0,0.0,3.0,0.0,0.0,0.0,0.0,0.0,0.0,0.0,0.06123224578098697,0.26072587328694163,1.8568742528405744,1.3475947048233783,1.5644669813184453
64,-1.0,0.0,2.0,0.0,0.0,0.0,0.5,0.0,0.0,-1.0,-1.468851430139124,0.07760473681768269,0.6038521335490857,-0.8683514058157494,0.5087618200807422
65,0.0,0.0,0.0,0.0,0.0,0.0,-0.5,0.0,0.0,0.0,-0.04799164745631324,0.1449351729704591,0.7991385108351591,0.4209912123716169,0.673295895933207
66,0.0,0.0,0.0,0.0,0.0,0.0,0.5,-15.0,0.0,0.0,1.2761978268596317,-0.8978546479050019,-1.2136415678193917,0.9478071125143807,0.30339565057914675
67,0.0,-1.0,0.0,1.0,0.0,0.0,0.5,0.0,-1.0,-2.0,-1.4036688609970245,-0.8978546479050019,-2.944028679482858,-2.277282014698956,-2.4804241073727256
68,0.0,0.0,0.0,1.0,0.0,-1.0,0.0,0.0,0.0,-1.0,-0.8074052143197823,0.10591494492942284,-0.46118862601381605,-0.26710944858061136,-0.3885639409639578
69,0.0,-1.0,0.0,0.0,0.0,0.0,0.0,0.0,-1.0,-1.0,0.009334364491438986,-0.8978546479050019,-1.1835691820449643,-0.5768014050142508,-0.9971891756174867
70,0.0,-1.0,0.0,1.0,0.0,0.0,-0.5,0.0,-1.0,-1.0,0.0,-0.8978546479050019,-0.3440837281663847,-0.5880348583674336,-0.2898998845515688
71,-1.0,-1.0,0.0,0.0,0.0,0.0,0.0,0.0,-1.0,-1.0,-0.08352093374830061,-0.8978546479050019,-0.09334702193970515,-0.688548237091427,-0.07864740081654571
72,0.0,0.0,2.0,1.0,0.0,0.0,0.5,-5.0,0.0,-1.0,-0.9644662946458374,0.044491843264260325,-1.7202738123890084,-0.7880647706552436,-1.1006143933046757
73,-1.0,0.0,0.0,0.0,0.0,0.0,-0.5,0.0,0.0,-1.0,0.25658733338583756,-0.8978546479050019,-0.9563365017618785,-0.2792444909834604,-0.8057394719902474
74,0.0,0.0,2.0,0.0,0.0,-1.0,-0.5,0.0,0.0,0.0,-0.1976775555050812,0.0652813592740051,0.3601019252636824,-0.11157638539303079,0.30339565057914675
75,0.0,0.0,0.0,0.0,0.0,0.0,0.5,-15.0,0.0,0.0,4.027182592542202,-0.8978546479050019,3.04777135496311,4.258483385007734,3.893751756415761
76,0.0,0.0,2.0,0.0,0.0,0.0,-0.5,0.0,0.0,0.0,0.3936336985085003,0.09079450810491026,0.8362581158325262,0.48321207598287574,0.7045701711239626
77,0.0,0.0,0.0,1.0,0.0,0.0,0.5,-15.0,0.0,0.0,-0.6722147039436002,0.16854248503045474,0.0,0.24292625491854158,1.3259216278252794
78,0.0,0.0,0.0,1.0,0.0,0.0,0.5,0.0,0.0,-1.0,-0.7128677730863173,0.049712580775765784,-0.6769369374753476,-0.5808370402678051,-0.5703377520017445
79,0.0,0.0,0.0,1.0,0.0,0.0,-0.5,0.0,0.0,0.0,-0.40347344941716506,0.12867747663607745,0.4345489860817659,0.09338779951520643,0.36611932092350413
80,0.0,0.0,0.0,0.0,0.0,-1.0,0.0,0.0,0.0,0.0,-0.3107775882222544,0.09844747462721794,0.1376440773042809,-0.0290639170848716,0.11596887284487392
81,0.0,0.0,1.0,0.0,0.0,0.0,-0.5,0.0,0.0,0.0,0.5184703067759479,0.025801221288228992,0.6442763218738977,0.3923460351073957,0.5428202964606162
82,0.0,-1.0,1.0,1.0,1.0,-1.0,0.5,0.0,-1.0,0.0,0.0801317525163597,0.110506158954289,0.4780729757676244,0.31898407482423646,0.40278946412496536
83,0.0,0.0,3.0,1.0,0.0,-1.0,0.0,0.0,0.0,-1.0,0.30948660933701005,-0.8978546479050019,-0.6769369374753476,-0.21558278703353995,-0.5703377520017445
84,0.0,0.0,1.0,0.0,0.0,0.0,-0.5,-23.0,0.0,0.0,0.15938305351596257,0.1379700105191598,0.6708313840430792,0.5211108670127003,3.3490134153910214
85,0.0,0.0,0.0,0.0,0.0,0.0,0.0,0.0,0.0,-1.0,0.034786713798393154,-0.032906679265412825,-0.3031739378863274,-0.22578780801669332,-0.2554322753379096
86,0.0,-1.0,0.0,0.0,0.0,0.0,0.5,0.0,-1.0,-1.8286493006501838,-1.2747717030466077,-0.8978546479050019,-2.6475256377534144,-2.1221605586510552,-2.230612243194744
87,-1.0,0.0,0.0,0.0,0.0,0.0,0.0,0.0,0.0,0.0,-0.7147152623685648,0.1900075269419241,-0.5604790039438385,0.4066012320017481,-0.47221878059379424
88,0.0,0.0,1.0,0.0,0.0,0.0,0.0,0.0,0.0,-1.0,-0.2794931501883348,0.0703960390014823,0.20345830668328937,-0.15173026563560385,0.1714191482778332
89,0.0,0.0,0.0,0.0,0.0,-1.0,0.5,0.0,0.0,-1.0,-0.7835058080324921,-0.8978546479050019,-1.7202738123890084,-1.5309459643728869,-1.4493774008618747
90,0.0,0.0,0.0,1.0,0.0,0.0,-0.5,0.0,0.0,-0.40792252438539744,-0.05356022847216517,-0.06038702865611585,-1.1325189659326733,-0.37346525601800923,-0.9541779822775646
91,0.0,0.0,0.0,0.0,0.0,0.0,0.0,0.0,0.0,-1.0,-0.6573357429278367,0.1058387920067675,0.25159647598548296,-0.21195269387289192,0.21197686310380545
92,0.0,-1.0,0.0,0.0,0.0,0.0,0.0,0.0,-1.0,-1.0,-0.49356072972047976,-0.8978546479050019,-1.3702851863997827,-1.1820111745229567,-1.1545024795474461
93,0.0,0.0,2.0,0.0,0.0,0.0,0.0,0.0,0.0,0.0,0.7671363712348885,-0.8978546479050019,1.0693273852761365,0.3351764271679271,0.9009373596111435
94,0.0,-1.0,0.0,0.0,0.0,-1.0,0.0,10.0,-1.0,-1.0,-0.649644365676549,-0.8978546479050019,-0.8691340150429827,-1.3698502336593077,-1.2825762056040284
95,-1.0,-1.0,0.0,0.0,0.0,-1.0,0.0,0.0,-1.0,-1.0,-0.07717544367344689,-0.8978546479050019,-0.9914821590370385,-0.6809117486272868,-0.8353506426226208
96,0.0,-1.0,0.0,0.0,0.0,0.0,0.5,0.0,-1.0,-1.0,-1.0852706054362498,0.020887194651899997,-2.2747063895020516,-1.0039660115923137,-1.9165019026603933
97,0.0,0.0,3.0,0.0,1.0,0.0,-0.5,0.0,0.0,0.0,0.5639492487006184,0.041618837554823575,-0.5604790039438385,0.4773818765792216,-0.47221878059379424
98,0.0,0.0,2.0,0.0,0.0,-1.0,0.5,0.0,0.0,0.0,-0.012415019664546162,0.1615497145317901,1.1879992945394948,0.5486490203875767,1.0009216656935451
99,0.0,0.0,0.0,0.0,0.0,-1.0,-0.5,-15.0,0.0,0.0,-0.0928396729859958,0.18350368117449217,0.06986495647151943,0.6526343834925287,1.3847847508309097
100,0.0,0.0,0.0,0.0,0.0,0.0,0.0,0.0,0.0,-1.0,-0.8422260578100469,0.05595549612926248,-0.653162563875551,-0.6383485262507754,-0.5503071966523378
101,0.0,-1.0,0.0,1.0,0.0,0.0,0.5,-15.0,-1.0,-1.0,-0.4940890855273925,-0.8978546479050019,-1.7202738123890084,-1.182647025021004,-0.12345577303659556
102,0.0,0.0,0.0,1.0,0.0,-1.0,0.5,0.0,0.0,-1.0,-1.0852706054362498,0.13509307201084844,-0.725245822363402,-0.22323089687204764,-0.6110392993445761
103,0.0,0.0,2.0,0.0,0.0,-1.0,0.0,0.0,0.0,-0.9058216727919364,-0.37611618379043626,0.08494879000358893,0.17516897802465584,-0.14690385343793105,0.14758462068804445
104,0.0,0.0,1.0,0.0,0.0,0.0,0.0,0.0,0.0,0.0,-0.04412363086836987,0.13469575810244952,0.3751879072330099,0.36191770102570386,0.31610600004716954
105,0.0,0.0,2.0,1.0,0.0,-1.0,-0.5,0.0,0.0,-1.0,-0.7277146806198327,0.025287236815997503,-0.053846759374221745,-0.7137659773970825,-0.04536735697805193
106,0.0,0.0,0.0,0.0,0.0,0.0,0.0,0.0,0.0,-1.0,0.16840595904005418,-0.8978546479050019,0.0352012002080292,-0.38536648313851457,0.029657967061579558
107,-1.0,-1.0,0.0,0.0,0.0,0.0,0.5,0.0,-1.0,0.0,0.6434018412864697,-0.8978546479050019,0.4491498848459354,0.18626794265049001,0.37842097461877866
108,-1.0,-1.0,0.0,0.0,0.0,0.0,0.0,0.0,-1.0,-1.0,-0.31124277756346236,-0.8978546479050019,-0.14653031930593433,-0.9626003926875099,-0.12345577303659556
109,0.0,-1.0,0.0,1.0,0.0,0.0,-0.5,0.0,-1.0,0.0,0.6941822300553291,-0.8978546479050019,0.08700037315178236,0.24737966900472066,0.07330017686988333
110,0.0,-1.0,0.0,0.0,0.0,0.0,-0.5,0.0,-1.0,0.0,1.5136720592832926,0.14129111390584595,1.980477138671049,1.7112041628286114,1.668605769058992
111,0.0,-1.0,0.0,0.0,1.0,0.0,0.0,0.0,-1.0,0.0,0.4285178701553884,-0.8978546479050019,0.0,-0.07233445800159204,0.0
112,0.0,0.0,0.0,0.0,0.0,0.0,0.0,0.0,0.0,0.0,-0.8756104977412983,0.14427992764952316,0.0,-0.05006837655660739,0.0
113,0.0,0.0,1.0,0.0,0.0,-1.0,-0.5,0.0,0.0,-1.0,-0.457565865442615,0.08005602592999321,0.29873516436479236,-0.23421582712307076,0.2516924881114075
114,0.0,-1.0,2.0,0.0,0.0,0.0,0.0,0.0,-1.0,-1.0,-0.08328086782305763,-0.8978546479050019,-0.40686464789835314,-0.6882593294346305,-0.3427945142375665
115,0.0,-1.0,0.0,0.0,0.0,-1.0,0.0,10.0,-1.0,-1.0,-0.5394550749400258,-0.8978546479050019,-1.1914924257707662,-1.2372427852739054,-1.554171920263983
116,0.0,0.0,0.0,1.0,0.0,0.0,-0.5,0.0,0.0,-1.0,0.34880176199834745,-0.8978546479050019,0.08700037315178236,-0.16826891431093013,0.07330017686988333
117,0.0,0.0,1.0,0.0,0.0,0.0,0.5,0.0,0.0,0.0,1.0693222011647037,-0.18828799619299114,1.5469797419176419,0.7494687520201626,1.3033724407004696
118,0.0,0.0,2.0,0.0,0.0,0.0,0.5,0.0,0.0,-1.0,-0.2804036174915658,0.05341151224137114,0.1040074334460474,-0.23091300921601468,0.08762908699342459
119,0.0,0.0,0.0,0.0,0.0,0.0,0.0,0.0,0.0,0.0,0.6434018412864697,0.10076702975419503,1.6521923234205251,0.7365316948531644,1.392016897657497
120,0.0,0.0,3.0,0.0,0.0,0.0,0.5,0.0,0.0,-1.0,-0.33801084399630094,-0.8978546479050019,-0.5832976074040317,-0.994814457812562,-0.49144407364670756
121,0.0,0.0,0.0,0.0,0.0,0.0,0.5,-29.0,0.0,0.0,0.2696855756869915,0.1316537296102216,-0.3235366926126416,0.5676909741667842,6.233563916945683
122,0.0,-1.0,0.0,0.0,0.0,0.0,-0.5,0.0,-1.0,0.0,-0.2781285308341458,0.14023483970393044,-0.8250611016576195,0.24598920968051635,-0.6951363826274083
123,0.0,-1.0,0.0,1.0,0.0,0.0,0.0,0.0,-1.0,0.0,-0.3871937260193446,0.10938189607446547,-0.3235366926126416,-0.01768419210589719,-0.2725884491441172
124,0.0,0.0,3.0,0.0,0.0,-1.0,-0.5,0.0,0.0,0.0,4.380361621799188,-0.8978546479050019,2.3477941029846625,4.683517157164312,1.9780802859616253
125,0.0,0.0,3.0,1.0,0.0,0.0,-0.5,0.0,0.0,-1.0,-0.3070614893789693,-0.8978546479050019,-0.282992187818544,-0.9575684158646853,-0.2384286028716853
126,0.0,0.0,0.0,0.0,0.0,0.0,0.0,-15.0,0.0,-1.0,0.2619034054752059,-0.8978546479050019,-1.2750083287182816,-0.2728468569621142,0.2516924881114075
127,0.0,0.0,1.0,0.0,0.0,0.0,-0.5,0.0,0.0,0.0,0.45167654784700445,-0.05239230480744438,0.5066322445696168,0.16831983858488592,0.42685142361574235
128,0.0,0.0,1.0,1.0,0.0,-1.0,0.0,0.0,0.0,0.0,0.46121682805729297,0.04216240861287265,0.5207782836842441,0.3808051288422406,0.43876984570459193
129,0.0,0.0,0.0,0.0,0.0,0.0,0.0,0.0,0.0,0.0,0.9786481669262395,-0.0027849743497635015,0.7100905512529081,0.8059124620326595,0.5982705718935751
130,0.0,0.0,0.0,0.0,0.0,0.0,0.5,0.0,0.0,-1.0,0.1654046196585282,-0.8978546479050019,-0.1846897374348724,-0.3889784490061818,-0.15560611902675847
131,0.0,0.0,0.0,0.0,0.0,0.0,-0.5,0.0,0.0,0.0,0.7443921815577896,0.1162246545324256,0.8745614315583274,0.8923156390337287,0.736841754747011
132,0.0,0.0,1.0,1.0,0.0,0.0,0.5,0.0,0.0,0.0,0.24747306401912636,0.022581094091990786,0.4780729757676244,0.1226166069657749,0.40278946412496536
133,-1.0,-1.0,0.0,0.0,0.0,0.0,-0.5,0.0,-1.0,0.0,0.9371480533252551,-0.8978546479050019,0.1489396614921922,0.539777211935852,0.1254857092540474
134,0.0,0.0,2.0,0.0,0.0,-1.0,0.0,0.0,0.0,-1.0,-0.4139302130523189,0.07698458783074674,0.06986495647151943,-0.21922052250121826,0.05886312300563032
135,0.0,-1.0,0.0,0.0,0.0,0.0,0.0,0.0,-1.0,-1.0,-0.6136022029852093,-0.8978546479050019,-1.9178272212494587,-1.3264752450661021,-1.6158215123768482
136,0.0,0.0,2.0,0.0,0.0,0.0,-0.5,0.0,0.0,-1.0,-0.9020456736221864,0.05821106522133947,-0.5378874550298739,-0.6659509810309433,-0.45318478716172916
137,0.0,0.0,2.0,0.0,0.0,0.0,0.5,0.0,0.0,0.0,2.1102383073114064,-0.8978546479050019,1.7362920094863061,1.9515342372065938,1.4628731668894523
138,0.0,0.0,0.0,0.0,0.0,-1.0,0.0,-2.0,0.0,0.0,1.1129005003612376,-0.8978546479050019,0.46130377747251033,0.751286727907418,0.5244086238953046
139,0.0,0.0,2.0,0.0,0.0,0.0,-0.5,0.0,0.0,0.0,0.11995960669616906,0.04369023829448308,0.4780729757676244,0.07136794275332616,0.40278946412496536
140,0.0,0.0,1.0,0.0,0.0,0.0,0.0,10.0,0.0,-1.0,-0.4094394146035862,0.07496586410207305,-0.09046742316903339,-0.22651904954641516,-0.6265284573092742
141,-1.0,0.0,0.0,1.0,0.0,0.0,0.0,0.0,0.0,-1.0,-0.3437103826313473,-0.057173696067210844,-0.5155184865712722,-0.6584218897767984,-0.43433832380746396
142,0.0,0.0,2.0,0.0,0.0,-1.0,-0.5,0.0,0.0,-0.8925813827571214,-0.3907006516034964,0.0757274432019042,0.1010418103319384,-0.20765753813875365,0.08513046898848343
143,0.0,0.0,3.0,0.0,1.0,0.0,0.0,0.0,0.0,0.0,0.4560456859132515,0.07003212955902346,0.8606715976513515,0.4624743028525355,0.7251391925028418
144,0.0,0.0,0.0,0.0,0.0,-1.0,0.0,0.0,0.0,-1.0,-0.31187799947307066,0.04064106172801675,-0.11687583715570299,-0.3069686936702999,-0.09847106655948173
145,0.0,0.0,0.0,0.0,0.0,-1.0,-0.5,-15.0,0.0,-1.0,-0.6233990369458308,0.11262095425205476,-0.7996928831814855,-0.14648512235191044,0.6521586581363459
146,0.0,-1.0,0.0,0.0,0.0,0.0,0.0,0.0,-1.0,-1.0,-0.9881258518513348,0.07552590706105758,-2.1342224970269137,-0.6134659948658372,-1.7981404084190735
147,0.0,0.0,0.0,0.0,0.0,0.0,0.5,0.0,0.0,-1.0,-0.006382208734224789,-0.04055801829529708,0.5066322445696168,-0.2841528321439224,0.42685142361574235
148,0.0,-1.0,0.0,0.0,0.0,0.0,0.0,0.0,-1.0,0.0,0.39591004760058246,-0.8978546479050019,-0.1846897374348724,-0.11157638539303079,-0.15560611902675847
149,0.0,-1.0,0.0,0.0,0.0,0.0,-0.5,0.0,-1.0,0.0,0.6434018412864697,-0.8978546479050019,0.20345830668328937,0.18626794265049001,0.1714191482778332
150,0.0,0.0,2.0,1.0,0.0,0.0,0.5,0.0,0.0,0.0,-0.2267724756122145,0.073342102761553,-1.0389067624191304,-0.09692565787488953,-0.8753071587840718
151,0.0,-1.0,3.0,1.0,0.0,0.0,0.0,0.0,-1.0,0.0,0.2949190080090138,0.08508329385945168,0.3296258712629095,0.3769409668689242,0.2777187475082203
152,0.0,0.0,0.0,0.0,0.0,0.0,0.0,0.0,0.0,0.0,0.5684945433870255,0.18046676580516488,0.7100905512529081,1.0449242394704248,0.5982705718935751
153,0.0,-1.0,0.0,1.0,0.0,-1.0,0.5,-15.0,-1.0,-0.43327569856760295,-0.41024707705867997,0.0938200015251137,0.06788998807940166,-0.12370676314436566,1.3831207863304107
154,0.0,0.0,0.0,0.0,0.0,-1.0,-0.5,0.0,0.0,0.0,0.47598919486467317,0.09106946502018469,0.665615728805814,0.5552921053409341,0.5607993262709707
155,0.0,0.0,2.0,0.0,0.0,0.0,0.5,0.0,0.0,-0.8597933193364913,0.29279732066355535,-0.8978546479050019,-0.00885478453693653,-0.23566753366872872,-0.007460396423471387
156,0.0,-1.0,0.0,0.0,0.0,0.0,0.0,0.0,-1.0,0.0,0.2875794040951334,0.07992105489898213,0.8362581158325262,0.35043296944197727,0.7045701711239626
157,0.0,0.0,2.0,0.0,1.0,0.0,-0.5,0.0,0.0,0.0,1.0470945344992768,0.2505917336340771,3.0009566668602137,1.782630991703009,2.5283874826139625
158,0.0,-1.0,0.0,1.0,0.0,0.0,0.0,-20.0,-1.0,-1.0,-0.08209047928803102,-0.8978546479050019,-3.7079659901099875,-0.6868267547700511,-1.0225259772461321
159,0.0,0.0,2.0,0.0,0.0,0.0,0.5,0.0,0.0,-1.0,-0.6136022029852093,0.07475522136111688,-0.3648184104769712,-0.37338083710089953,-0.3073694174471944
160,0.0,0.0,0.0,0.0,0.0,-1.0,-0.5,0.0,0.0,-0.944968737796839,-0.11329808416484206,0.04038459309211562,-1.8213960857366636,-0.14341056238704156,-1.5345756621260689
161,0.0,0.0,0.0,0.0,0.0,0.0,0.0,0.0,0.0,0.0,0.03989635224821702,0.10561755258305054,0.1040074334460474,0.26425378793556803,0.08762908699342459
162,0.0,0.0,0.0,0.0,0.0,0.0,0.5,0.0,0.0,-1.0,-0.6722147039436002,-0.8978546479050019,-1.2136415678193917,-1.3970125372441966,-1.0225259772461321
163,-1.0,-1.0,0.0,0.0,0.0,0.0,0.5,0.0,-1.0,-1.0,-0.6136022029852093,-0.8978546479050019,-1.4697360596370266,-1.3264752450661021,-1.2382925408318548
164,0.0,0.0,0.0,0.0,0.0,0.0,-0.5,0.0,0.0,0.0,-0.6490703843926647,0.15158322638816205,0.01766882016752806,0.11932674689824667,0.01488646078681107
165,0.0,0.0,0.0,0.0,0.0,0.0,0.5,0.0,0.0,0.0,0.13039618906294118,0.11307311759951551,-0.13423437367340313,0.37107386347539534,-0.1130961049455799
166,0.0,0.0,2.0,0.0,0.0,0.0,0.5,0.0,0.0,0.0,-0.22239234137608002,0.08777993159427755,0.3296258712629095,-0.02222709273682451,0.2777187475082203
167,-1.0,-1.0,1.0,0.0,0.0,0.0,0.0,-15.0,-1.0,0.0,-1.9533168918384467,0.35343299692825736,0.35902128153226726,2.1273062139934424,1.6284068067158979
168,0.0,0.0,0.0,0.0,0.0,0.0,-0.5,-5.0,0.0,0.0,0.9314609428357782,0.27010798098061833,0.7100905512529081,1.8446138482191614,0.9470335794507743
169,0.0,0.0,1.0,0.0,0.0,0.0,0.0,0.0,0.0,-1.0,-0.031432607479725254,-0.8978546479050019,-0.22350148481211646,-0.6258624716148314,-0.18830607012257602
170,-1.0,-1.0,1.0,0.0,0.0,0.0,0.5,-15.0,-1.0,0.0,-1.3905406626684467,0.34135747886679557,1.147015018805142,2.4209418348471607,2.292312928287276
171,0.0,0.0,0.0,0.0,0.0,0.0,-0.5,0.0,0.0,0.0,0.36661345698872544,0.06688995021932867,0.2795036296646511,0.3725910457360159,0.23548939789545772
172,0.0,0.0,3.0,0.0,0.0,-1.0,0.0,0.0,0.0,0.0,0.5226411358209075,0.3095072300888326,3.0708216233317334,1.9670166032769518,2.587250605619593
173,0.0,-1.0,0.0,0.0,0.0,0.0,0.5,0.0,-1.0,0.0,-0.267258016657638,0.1343415628873895,0.5207782836842441,0.2145460259814762,0.43876984570459193
174,0.0,-1.0,0.0,0.0,0.0,-1.0,0.5,0.0,-1.0,0.0,-0.019826836800966426,0.1883639559970063,0.6975454912186939,0.7393127464497378,0.5877010181544569
175,0.0,0.0,0.0,0.0,0.0,0.0,0.5,0.0,0.0,-1.0,-0.7351961055663255,0.05022325139210825,-0.47143104436158756,-0.5943576390567917,-0.39719345655416277
176,0.0,0.0,3.0,0.0,0.0,0.0,0.5,0.0,0.0,0.0,0.45167654784700445,-0.8978546479050019,-0.7009628964189776,-0.04446411655426996,-0.590580274835114
177,0.0,-1.0,0.0,0.0,0.0,-1.0,-0.5,0.0,-1.0,0.0,0.7095754587913159,0.18797336991624025,1.1132018313851804,1.1856831361634472,0.9379027718657607
178,0.0,0.0,0.0,0.0,1.0,0.0,0.0,0.0,0.0,0.0,0.5192532606565247,0.1901228040460001,-1.3702851863997827,1.0677256789586729,-1.1545024795474461
179,0.0,0.0,1.0,0.0,0.0,0.0,0.5,0.0,0.0,0.0,-0.1649524063375641,0.06827097172227672,0.8484976707196721,-0.07200001036502268,0.7148823284807032
180,0.0,-1.0,0.0,0.0,0.0,0.0,0.5,0.0,-1.0,-1.0,0.3671929525568436,-0.8978546479050019,-0.053846759374221745,-0.14613601159025305,-0.04536735697805193
181,0.0,0.0,0.0,1.0,0.0,0.0,0.5,0.0,0.0,-1.0,-0.5667076268427453,0.10682971386715681,-0.14653031930593433,-0.14928055059994527,-0.12345577303659556
182,-1.0,-1.0,1.0,0.0,0.0,0.0,0.0,0.0,-1.0,-1.0,0.29979131601971853,-0.8978546479050019,-1.0389067624191304,-0.22725060066189218,-0.8753071587840718
183,0.0,-1.0,0.0,1.0,0.0,-1.0,-0.5,0.0,-1.0,0.0,0.6541302116672252,-0.8978546479050019,-0.24315902694288585,0.19917901424389264,-0.2048680831670351
184,0.0,0.0,0.0,0.0,0.0,-1.0,0.5,0.0,0.0,0.0,-0.2744958738955386,0.08960962408901457,-0.47143104436158756,-0.05105925322083186,-0.39719345655416277
185,0.0,0.0,0.0,0.0,0.0,0.0,-0.5,0.0,0.0,0.0,0.6018869063009912,-0.8978546479050019,0.17078965769502033,0.13630673896624268,0.14389492439016363
186,0.0,0.0,0.0,0.0,0.0,0.0,0.5,-5.0,0.0,0.0,-0.34561526767239203,0.13938483847602065,-0.6769369374753476,0.1994648340624196,-0.22157474444454542
187,0.0,-1.0,0.0,0.0,0.0,0.0,0.0,0.0,-1.0,0.0,-0.3657706418731308,0.12863114907193346,0.26741836533197183,0.11633051984448542,0.22530723452060356
188,0.0,0.0,0.0,0.0,0.0,-1.0,0.0,0.0,0.0,0.0,1.0102901097022594,-0.8978546479050019,-0.34066463906013034,0.6278001168931748,-0.28701920913440465
189,0.0,0.0,3.0,0.0,1.0,0.0,0.0,0.0,0.0,0.0,1.3966690727358406,-0.8978546479050019,1.6089446932911033,1.0927883934780058,1.3555795948868585
190,0.0,0.0,0.0,0.0,0.0,0.0,0.0,0.0,0.0,0.0,1.9474857390592926,-0.8978546479050019,-0.653162563875551,1.7556694426351354,-0.5503071966523378
191,0.0,0.0,3.0,0.0,0.0,0.0,-0.5,0.0,0.0,0.0,1.9590183865165423,-0.8978546479050019,1.9338454183467564,1.7695484225451799,1.6293172784044265
192,-1.0,-1.0,0.0,0.0,0.0,-1.0,0.5,10.0,-1.0,-0.08913068584309403,0.4495702671277329,-0.8978546479050019,0.20394822173668634,-0.04699892288525752,-0.37847528163840616
193,0.0,0.0,1.0,0.0,0.0,0.0,0.0,0.0,0.0,0.0,1.735883910481709,0.30564967015626,2.277337811197102,2.5678724328170093,1.9187189468945582
194,0.0,0.0,0.0,0.0,0.0,0.0,0.5,0.0,0.0,-1.0,-1.078109458975101,0.07670800895150748,-0.7996928831814855,-0.659831097718666,-0.673762969688933
195,0.0,0.0,0.0,1.0,0.0,-1.0,0.0,0.0,0.0,-1.0,-0.5572888328448828,0.07965068965640106,-0.22350148481211646,-0.3066060715087468,-0.18830607012257602
196,0.0,0.0,2.0,0.0,0.0,0.0,-0.5,0.0,0.0,0.0,1.1150128103132728,0.14497601581894023,0.5764972010411362,1.3104336229325726,0.48571454662137264
197,0.0,0.0,2.0,0.0,0.0,0.0,0.0,0.0,0.0,0.0,0.06445918233763882,0.06580955367960448,-0.22350148481211646,0.10550087897678918,-0.18830607012257602
198,0.0,0.0,2.0,0.0,0.0,0.0,0.0,0.0,0.0,0.0,-0.7951895619920257,0.3405586494567397,1.5710083524809202,2.0324300785497793,1.3236171975953968
199,0.0,0.0,0.0,0.0,0.0,-1.0,0.0,0.0,0.0,-0.08655722052432213,-0.31069709634539344,0.09233562637014467,0.11467763101934927,-0.05787096423439593,0.09661901819745525
200,0.0,0.0,2.0,0.0,0.0,-1.0,-0.5,0.0,0.0,-1.0,-0.6269732060934954,0.04188483137096346,-0.014128730094134711,-0.5549906284044256,-0.011903838769060999
201,0.0,-1.0,0.0,1.0,0.0,0.0,0.0,0.0,-1.0,0.0,-0.5036328887622181,0.12835283475558104,-0.653162563875551,0.030884908492665723,-0.5503071966523378
202,0.0,0.0,3.0,1.0,0.0,0.0,-0.5,0.0,0.0,-1.0,-0.5315656657988954,0.05563003753877231,0.6839933451535258,-0.4161075097292539,0.5762829670869019
203,0.0,0.0,0.0,0.0,0.0,-1.0,0.0,0.0,0.0,0.0,-0.005013469612665294,0.07551494495850962,0.3226430987963658,0.12748300355889502,0.2718355720884212
204,0.0,0.0,1.0,1.0,0.0,0.0,0.5,0.0,0.0,-1.0,-0.13049304765847833,0.006234419103658791,0.1208880460260375,-0.2792444909834604,0.10185146148400843
205,-1.0,-1.0,0.0,0.0,1.0,0.0,0.5,0.0,-1.0,-1.0,-0.14575237694883594,-0.8978546479050019,-0.1090016643240161,-0.7634407501206334,-0.09183686212613103
206,0.0,-1.0,0.0,0.0,0.0,0.0,0.0,0.0,-1.0,-1.0,0.10819630373473928,-0.8978546479050019,-0.1090016643240161,-0.45782587283813403,-0.09183686212613103
207,0.0,-1.0,0.0,0.0,0.0,-1.0,-0.5,0.0,-1.0,0.0,0.758327712385187,-0.8978546479050019,-0.44970425719226176,0.32457563496798936,-0.3788880483745047
208,0.0,0.0,0.0,0.0,0.0,0.0,0.5,0.0,0.0,-1.0,-0.7128677730863173,0.11002552785722966,0.1376440773042809,-0.21740069746839655,0.11596887284487392
209,-1.0,-1.0,0.0,1.0,1.0,0.0,0.5,0.0,-1.0,0.0,2.233898539238575,-0.8978546479050019,-0.053846759374221745,2.1003533076716105,-0.04536735697805193
210,0.0,0.0,0.0,0.0,0.0,0.0,-0.5,0.0,0.0,0.0,2.4191772994992067,-0.8978546479050019,0.0,2.323327277954453,0.0
211,-1.0,0.0,0.0,0.0,0.0,0.0,0.0,0.0,0.0,-1.0,-0.08010868892635525,-0.8978546479050019,-0.3857441985435793,-0.6844417665253677,-0.3249999621317343
212,0.0,0.0,0.0,1.0,0.0,-1.0,-0.5,-15.0,0.0,-0.48119835692264923,-0.540772522714233,0.10419867283786653,0.16291231932940656,-0.11103099712993666,1.4631796807338002
213,-1.0,-1.0,1.0,1.0,0.0,0.0,-0.5,0.0,-1.0,-1.0,0.26377497674487776,-0.8978546479050019,-1.0389067624191304,-0.270594512030191,-0.8753071587840718
214,0.0,0.0,2.0,1.0,0.0,0.0,-0.5,0.0,0.0,-1.0,-0.7452323675859808,-0.8978546479050019,-0.282992187818544,-1.4848857415997108,-0.2384286028716853
215,0.0,-1.0,0.0,0.0,0.0,0.0,0.5,10.0,-1.0,-1.0,-0.031432607479725254,-0.8978546479050019,-0.282992187818544,-0.6258624716148314,-0.7887357995240227
216,0.0,0.0,1.0,0.0,0.0,0.0,0.5,0.0,0.0,0.0,2.2471166476815414,-0.8978546479050019,3.0936402267919245,2.1162606578450003,2.6064758986725063
217,0.0,0.0,2.0,0.0,1.0,0.0,-0.5,0.0,0.0,0.0,2.180348994569728,-0.8978546479050019,2.5870079822223078,2.0359090369691564,2.179624475056764
218,0.0,0.0,0.0,0.0,0.0,0.0,0.5,0.0,0.0,-1.0,-0.30335498357337903,0.02984119739224366,-1.0671112485134573,-0.3484783830639222,-0.899070204209537
219,0.0,0.0,3.0,1.0,1.0,0.0,0.5,-25.0,0.0,0.0,0.8850988459802687,-0.8978546479050019,-0.053846759374221745,0.4771385241798411,3.382090329845447
220,0.0,0.0,3.0,0.0,0.0,0.0,-0.5,-15.0,0.0,0.0,0.7398755002627269,-0.8978546479050019,0.46365748649546007,0.30236929576505833,1.7165656507867681
221,0.0,0.0,0.0,0.0,1.0,0.0,-0.5,0.0,0.0,0.0,-2.4956807024475416,0.21147724667905127,0.6174069913211956,0.17760665279149623,0.5201821558350319
222,0.0,0.0,0.0,0.0,0.0,0.0,0.5,0.0,0.0,0.0,1.5326275154033997,-0.8978546479050019,0.1376440773042809,1.2564077620036453,0.11596887284487392
223,0.0,0.0,1.0,0.0,0.0,0.0,0.5,0.0,0.0,-1.0,0.20515624628335122,-0.8978546479050019,-0.2826772682244717,-0.3411393011121137,-0.23816327456205602
224,0.0,0.0,0.0,0.0,0.0,0.0,-0.5,0.0,0.0,0.0,-1.8937649249485058,0.21636603418642425,1.1879992945394948,0.33120874756248964,1.0009216656935451
225,0.0,0.0,0.0,0.0,0.0,0.0,0.5,0.0,0.0,0.0,0.5812952839458148,-0.8978546479050019,1.5648572510814187,0.11152572367533786,1.3184347276335577
226,0.0,-1.0,0.0,0.0,0.0,0.0,0.5,0.0,-1.0,0.0,1.1546085505140964,-0.8978546479050019,1.1240392358908122,0.8014803362965112,0.9470335794507743
227,0.0,-1.0,0.0,0.0,0.0,-1.0,0.0,0.0,-1.0,-1.0,-0.1903805835921199,-0.8978546479050019,-0.12905445916670003,-0.8171486247192014,-0.10873188631343864
228,0.0,0.0,1.0,0.0,0.0,0.0,0.5,0.0,0.0,-1.0,-0.7880382348959297,0.03923660823286769,-0.9294671712091763,-0.690649596393393,-0.7831013313646626
229,-1.0,-1.0,0.0,0.0,0.0,0.0,-0.5,0.0,-1.0,-1.0,-0.053813280877537346,-0.8978546479050019,-0.725245822363402,-0.6527965227607582,-0.6110392993445761
230,0.0,0.0,0.0,1.0,0.0,0.0,0.5,0.0,0.0,-0.3591207705461801,0.5263597059364264,-0.8978546479050019,0.38602419598898896,0.04541342930708339,0.3252358675828028
231,0.0,-1.0,0.0,0.0,0.0,0.0,-0.5,0.0,-1.0,0.0,1.3044101172943663,-0.8978546479050019,0.8606715976513515,0.9817592309339794,0.7251391925028418
232,-1.0,-1.0,1.0,0.0,0.0,0.0,-0.5,0.0,-1.0,-1.0,-0.00788803675802064,-0.8978546479050019,-0.3031739378863274,-0.597527726687573,-0.2554322753379096
233,0.0,-1.0,0.0,0.0,0.0,0.0,0.5,0.0,-1.0,0.0,0.6068049001111078,-0.8978546479050019,0.0,0.1422253051533522,0.0
234,0.0,-1.0,0.0,0.0,0.0,-1.0,0.5,0.0,-1.0,0.0,1.423762820387651,-0.8978546479050019,0.8988679300699793,1.1253944000988805,0.7573206397844726
235,0.0,-1.0,0.0,0.0,0.0,-1.0,0.0,0.0,-1.0,-1.0,-0.3580590052667677,-0.8978546479050019,-0.8507159727360015,-1.018941444138779,-0.7167513081673116
236,-1.0,-1.0,0.0,1.0,0.0,0.0,-0.5,0.0,-1.0,-0.11060774561531428,0.5983632064777887,-0.8978546479050019,0.0025029894318888044,0.13206613773078996,0.0021088365648824865
237,0.0,0.0,2.0,0.0,0.0,0.0,0.0,0.0,0.0,-1.0,-0.22545703173725493,-0.09781302823497598,0.1208880460260375,-0.6212608078859925,0.10185146148400843
238,0.0,0.0,0.0,0.0,0.0,-1.0,-0.5,0.0,0.0,0.0,-0.09124211300022297,0.09530857254168573,-0.16552986058204647,0.11392979183211178,-0.13946340249303565
239,0.0,0.0,0.0,1.0,0.0,-1.0,0.0,0.0,0.0,0.0,-0.4963346092912957,0.1486120843227516,0.18046691435795958,0.197204325643185,0.1520482759139697
240,0.0,0.0,0.0,0.0,0.0,0.0,0.0,0.0,0.0,0.0,1.9185376284779267,-0.8978546479050019,2.782668575689177,1.7208318004821215,2.344473838203364
241,-1.0,-1.0,0.0,0.0,0.0,-1.0,0.0,0.0,-1.0,-1.0,0.3060336299685687,-0.8978546479050019,-0.14251003704633172,-0.21973827964371853,-0.12006857606237599
242,-1.0,0.0,0.0,0.0,0.0,0.0,0.0,0.0,0.0,0.0,-0.2740424373248722,0.10264984173400235,0.41985358246074517,0.020138686531339007,0.3537380443200586
243,0.0,0.0,0.0,0.0,0.0,0.0,0.0,10.0,0.0,-1.0,0.310392195547469,-0.8978546479050019,0.4780729757676244,-0.21449295810498184,-0.1475177325273721
244,0.0,0.0,0.0,0.0,0.0,0.0,-0.5,-15.0,0.0,0.0,0.009706479794569305,0.1502963428879358,0.23566355492842775,0.4914379954813274,1.524474572281074
245,-1.0,-1.0,0.0,0.0,0.0,-1.0,0.0,0.0,-1.0,-1.0,-0.8381910006651355,-0.8978546479050019,-0.5832976074040317,-1.5967569321267194,-0.49144407364670756
246,0.0,0.0,0.0,0.0,0.0,0.0,0.0,0.0,0.0,0.0,2.112476510241782,-0.8978546479050019,-0.3440837281663847,1.9542278054978677,-0.2898998845515688
247,0.0,0.0,2.0,0.0,0.0,0.0,0.0,0.0,0.0,-1.0,0.02488076266059992,-0.8978546479050019,-0.7996928831814855,-0.5580920714754282,-0.673762969688933
248,-1.0,-1.0,1.0,0.0,0.0,0.0,0.0,0.0,-1.0,-1.0,-0.11377134681270919,-0.8978546479050019,-0.3031739378863274,-0.7249531368985007,-0.2554322753379096
249,0.0,-1.0,0.0,0.0,0.0,0.0,0.0,0.0,-1.0,-0.17417120808013586,0.1554163421066976,0.08422699864470179,0.15619788120438244,0.2584375914680722,0.13160095645805628
250,0.0,0.0,2.0,0.0,0.0,0.0,0.5,-15.0,0.0,0.0,1.609253827945323,-0.8978546479050019,0.8606715976513515,1.3486237996734365,2.0510608203281215
251,-1.0,0.0,1.0,0.0,0.0,0.0,0.0,0.0,0.0,0.0,1.6386273382846035,-0.8978546479050019,3.0754037276782973,1.3839733897304956,2.5911111529583204
252,0.0,-1.0,1.0,0.0,0.0,0.0,0.0,0.0,-1.0,0.0,1.5459624850238913,-0.8978546479050019,0.9673956173104192,1.2724557489164434,0.8150570771494602
253,0.0,-1.0,0.0,0.0,0.0,0.0,0.0,10.0,-1.0,-1.0,-0.3318408202842274,-0.8978546479050019,-1.3086139052301213,-0.9873891345759155,-1.652849947134691
254,0.0,0.0,0.0,0.0,0.0,0.0,0.0,-15.0,0.0,0.0,-0.8031545995915229,0.22408959729372777,-1.0470713961569145,0.7047166162576721,0.4437355434070233
255,0.0,0.0,0.0,0.0,0.0,0.0,-0.5,0.0,0.0,0.0,2.352558867509812,0.21074246779265318,3.3911309778983236,2.651939639075381,2.857119934821755
256,-1.0,-1.0,0.0,0.0,0.0,0.0,-0.5,0.0,-1.0,-1.0,-0.16453227264353693,-0.8978546479050019,0.1208880460260375,-0.7860414405540899,0.10185146148400843
257,0.0,0.0,0.0,0.0,1.0,0.0,0.5,0.0,0.0,0.0,2.06241161015801,-0.8978546479050019,1.6089446932911033,1.8939771349526346,1.3555795948868585
258,-1.0,-1.0,0.0,0.0,0.0,-1.0,0.5,0.0,-1.0,-1.0,-0.6722147039436002,0.07636145176197372,-0.47143104436158756,-0.40431276284765927,-0.39719345655416277
259,0.0,0.0,1.0,0.0,0.0,-1.0,0.5,0.0,0.0,0.0,0.9151168080717784,0.06198855173160559,-0.3440837281663847,0.8708714853420856,-0.2898998845515688
260,-1.0,-1.0,0.0,0.0,0.0,0.0,0.0,0.0,-1.0,-1.0,-0.39210751209211214,-0.8978546479050019,-0.9563365017618785,-1.0599171649303578,-0.8057394719902474
261,0.0,0.0,1.0,1.0,0.0,0.0,-0.5,0.0,0.0,-1.0,-0.9644662946458374,0.11103810757173857,0.05259923118886774,-0.3520139790185225,0.044316280605342706
262,0.0,0.0,1.0,0.0,0.0,0.0,0.5,0.0,0.0,0.0,0.5568500654414045,-0.8978546479050019,-2.4244594658190763,0.08210709297696442,-2.0426729359925906
263,0.0,0.0,0.0,0.0,0.0,0.0,-0.5,0.0,0.0,0.0,-0.543548949151128,0.2329009797259409,0.8606715976513515,0.8627135569945253,0.7251391925028418
264,0.0,0.0,2.0,0.0,0.0,0.0,0.0,0.0,0.0,0.0,0.43378892832009225,-0.8978546479050019,0.4345489860817659,-0.06599099604770961,0.36611932092350413
265,0.0,0.0,0.0,0.0,0.0,0.0,-0.5,0.0,0.0,-1.0,-0.45859659548622306,0.08656698182146257,-0.3440837281663847,-0.1989471435512966,-0.2898998845515688
266,0.0,-1.0,0.0,0.0,0.0,0.0,0.0,0.0,-1.0,-1.0,-0.8915525193256217,0.09838894953167582,0.1040074334460474,-0.40188249000125975,0.08762908699342459
267,0.0,0.0,1.0,0.0,0.0,0.0,0.0,0.0,0.0,0.0,-0.29321115475327186,0.11861539711409373,0.6442763218738977,0.10006049897772189,0.5428202964606162
268,0.0,-1.0,0.0,1.0,0.0,-1.0,0.5,0.0,-1.0,0.0,-0.29898120093075864,0.1399685730029615,0.053790976194810346,0.23806916354795626,0.04532035813460834
269,0.0,0.0,0.0,0.0,0.0,0.0,0.5,0.0,0.0,0.0,0.1357562070350608,0.1412053436316207,0.6331126112208614,0.5279975899575947,0.5334145670855927
270,0.0,-1.0,0.0,1.0,0.0,0.0,-0.5,0.0,-1.0,0.0,0.9314609428357782,-0.8978546479050019,-0.14653031930593433,0.5329330512587617,-0.12345577303659556
271,0.0,0.0,2.0,1.0,0.0,0.0,0.5,0.0,0.0,0.0,-0.19038809170267124,0.1317442295939678,0.26741836533197183,0.24737966900472066,0.22530723452060356
272,0.0,0.0,0.0,0.0,0.0,0.0,0.0,0.0,0.0,0.0,0.6142044149985669,-0.8978546479050019,1.4996279394623968,0.15113026117908804,1.2634772612967928
273,-1.0,-1.0,0.0,0.0,0.0,0.0,0.0,0.0,-1.0,-1.0,0.008616050058730142,-0.8978546479050019,-0.1792608330968914,-0.5776658614729796,-0.1510321197004628
274,0.0,0.0,2.0,1.0,0.0,0.0,0.5,-15.0,0.0,0.0,0.161058245502848,0.14883808534725,0.08700037315178236,0.5835530872760661,1.3992218046951623
275,0.0,-1.0,1.0,0.0,0.0,0.0,0.0,0.0,-1.0,0.0,3.2829956543619936,-0.8978546479050019,0.39017431103810973,3.362890625183276,0.32873245220779246
276,0.0,0.0,1.0,0.0,0.0,0.0,-0.5,0.0,0.0,-1.0,-1.0997009468923307,0.09972837342269884,-0.40686464789835314,-0.5083076567219105,-0.3427945142375665
277,0.0,-1.0,0.0,0.0,1.0,-1.0,0.5,0.0,-1.0,0.0,1.4366944831767041,-0.8978546479050019,0.8294723852929013,1.140957026869364,0.698853008878253
278,0.0,0.0,3.0,0.0,0.0,0.0,-0.5,-15.0,0.0,-1.0,0.09878571390998778,-0.8978546479050019,-2.6408547415965304,-0.46915105967,-0.899070204209537
279,0.0,0.0,3.0,0.0,0.0,0.0,0.5,0.0,0.0,0.0,0.5705100648818274,-0.8978546479050019,0.0,0.09854623745854427,0.0
280,0.0,-1.0,0.0,1.0,0.0,-1.0,0.5,10.0,-1.0,-1.0,-0.7128677730863173,0.04404712051112146,-0.5155184865712722,-0.6102665584372278,-0.9846455204598017
281,0.0,-1.0,0.0,0.0,0.0,0.0,-0.5,0.0,-1.0,0.0,0.06123224578098697,0.11439174298208912,0.20345830668328937,0.32457563496798936,0.1714191482778332
282,-1.0,-1.0,0.0,0.0,0.0,-1.0,0.0,0.0,-1.0,-1.0,0.26086747789025017,-0.8978546479050019,-0.14149773165783658,-0.2740935453910424,-0.11921568128348105
283,0.0,0.0,0.0,0.0,0.0,0.0,-0.5,0.0,0.0,0.0,-0.18654389425479248,0.09786102882928432,0.1208880460260375,0.05653058181386935,0.10185146148400843
284,-1.0,-1.0,0.0,0.0,0.0,0.0,0.5,0.0,-1.0,-1.5155265153098643,-1.0557045501341336,-0.8978546479050019,-4.437915715193112,-1.858523902324443,-3.7390645013644686
285,0.0,0.0,0.0,0.0,0.0,0.0,0.0,0.0,0.0,0.0,0.3408471328482637,-0.02814990366770825,-0.053846759374221745,0.09460293578817393,-0.04536735697805193
286,0.0,0.0,0.0,1.0,0.0,0.0,-0.5,0.0,0.0,0.0,0.1650707499002324,0.08643863883326829,0.9441089318089659,0.2744091943785465,0.795437412266046
287,0.0,0.0,2.0,0.0,0.0,-1.0,0.0,0.0,0.0,-1.0,0.3149098745970103,-0.8978546479050019,-0.7242545973139033,-0.20905615124853025,-0.6102041653237209
288,0.0,-1.0,0.0,0.0,0.0,-1.0,-0.5,0.0,-1.0,0.0,0.633740402437907,-0.8978546479050019,-0.22846154206075903,0.1746408712275241,-0.1924850530445921
289,0.0,0.0,0.0,0.0,1.0,0.0,0.0,0.0,0.0,0.0,3.3363500156223456,0.19740369679569472,-0.14653031930593433,3.62498560853572,-0.12345577303659556
290,0.0,0.0,3.0,0.0,0.0,-1.0,-0.5,0.0,0.0,0.0,-0.17211355279871296,0.11439174298208912,-0.09046742316903339,0.15722652443252122,-0.07622126065693675
291,-1.0,0.0,0.0,1.0,0.0,0.0,0.0,0.0,0.0,-1.0,-0.9866356525591992,0.060192263534626395,-0.5604790039438385,-0.709891707368291,-0.47221878059379424
292,0.0,-1.0,0.0,0.0,0.0,0.0,0.5,0.0,-1.0,-1.0,-0.09356558926558299,-0.8978546479050019,-0.8526846797179357,-0.7006364911236826,-0.718409997259701
293,0.0,0.0,2.0,1.0,0.0,0.0,-0.5,0.0,0.0,-1.0,0.27804321187643277,-0.8978546479050019,-0.3440837281663847,-0.2534233854977347,-0.2898998845515688
294,0.0,-1.0,0.0,0.0,0.0,0.0,0.0,0.0,-1.0,0.0,1.3518286866737534,-0.8978546479050019,1.2315060786094967,1.0388251712758794,1.0375773126964296
295,0.0,-1.0,0.0,0.0,0.0,0.0,0.5,0.0,-1.0,-1.0,-0.09684136701749396,-0.8978546479050019,-0.653162563875551,-0.7045787302129356,-0.5503071966523378
296,0.0,0.0,3.0,0.0,0.0,0.0,0.0,0.0,0.0,-1.0,0.17902686286718267,-0.21904860504103052,-0.07208325848785084,-0.2989620700625491,-0.06073210269223819
297,-1.0,0.0,0.0,0.0,1.0,-1.0,-0.5,0.0,0.0,0.0,0.5184703067759479,-0.8978546479050019,-0.44970425719226176,0.03591892140189522,-0.3788880483745047
298,0.0,0.0,1.0,0.0,0.0,-1.0,-0.5,0.0,0.0,-1.0,-0.45278268930539345,0.07836515172966167,0.2849273924528077,-0.2383494255517531,0.24005906532640656
299,0.0,-1.0,0.0,0.0,1.0,0.0,0.0,-15.0,-1.0,0.0,0.8544398827619271,-0.8978546479050019,0.7100905512529081,0.44024195414702766,1.9241921997188545
300,-1.0,-1.0,0.0,0.0,1.0,0.0,0.0,0.0,-1.0,0.0,2.0298918671019126,-0.8978546479050019,-1.9178272212494587,1.85484120695098,-1.6158215123768482
301,0.0,0.0,2.0,0.0,0.0,-1.0,-0.5,0.0,0.0,-0.49518159436106624,0.4955842640976167,-0.8978546479050019,-0.00881789700295529,0.008376682923659973,-0.007429317674413168
302,0.0,-1.0,0.0,0.0,0.0,0.0,0.5,0.0,-1.0,0.0,0.49663751974008574,-0.8978546479050019,0.6174069913211956,0.009644224826432722,0.5201821558350319
303,-1.0,-1.0,0.0,0.0,0.0,-1.0,0.0,0.0,-1.0,-1.0,-1.3470491527097963,0.07191337789840205,-0.49336775543038325,-0.8467487850415223,-0.4156757313195941
304,-1.0,-1.0,0.0,0.0,0.0,0.0,-0.5,0.0,-1.0,0.0,0.9051803885600164,-0.8978546479050019,-0.14653031930593433,0.5013056832870781,-0.12345577303659556
305,0.0,0.0,0.0,0.0,0.0,0.0,0.0,0.0,0.0,-1.0,-0.6722147039436002,0.09590667680391354,-0.24315902694288585,-0.28528750902104044,-0.2048680831670351
306,0.0,0.0,0.0,0.0,0.0,0.0,0.5,0.0,0.0,0.0,-0.5572888328448828,0.157906282479116,-0.24315902694288585,0.2148293153843482,-0.2048680831670351
307,0.0,0.0,3.0,1.0,0.0,0.0,-0.5,-15.0,0.0,-1.0,-0.12149622199256188,-0.8978546479050019,-1.0389067624191304,-0.734249648200542,0.45061446904120755
308,0.0,0.0,0.0,0.0,0.0,-1.0,0.5,-15.0,0.0,0.0,0.5741658160190211,0.16953604867606925,0.2977314115602686,1.096007833712284,1.576768426942034
309,-1.0,-1.0,0.0,0.0,0.0,0.0,-0.5,0.0,-1.0,-1.0,-0.6095875615745117,-0.8978546479050019,-1.8769174309693994,-1.3216438195246858,-1.5813539031631887
310,0.0,-1.0,3.0,0.0,0.0,0.0,-0.5,0.0,-1.0,0.0,1.2519694667108676,-0.8978546479050019,0.8362581158325262,0.9186494602923283,0.7045701711239626
311,0.0,0.0,0.0,1.0,0.0,-1.0,0.0,0.0,0.0,-1.0,-0.40162166197748633,0.07464160071317648,-0.13737603606569537,-0.22002713043816138,-0.11574304082272437
312,0.0,0.0,2.0,0.0,0.0,0.0,0.5,0.0,0.0,0.0,-0.3173039944095821,0.2665353524201634,1.0132644891392335,1.261516073217563,0.8537028472314847
313,-1.0,-1.0,0.0,1.0,0.0,0.0,-0.5,0.0,-1.0,-1.0,-0.7886868939939674,-0.8978546479050019,-1.5038785366115546,-1.5371811491592149,-1.2670585048196488
314,0.0,0.0,1.0,0.0,0.0,-1.0,0.0,-5.0,0.0,0.0,1.109315499003325,-0.8978546479050019,0.39017431103810973,0.7469723532585445,0.6774954597649916
315,0.0,-1.0,0.0,1.0,0.0,0.0,0.5,0.0,-1.0,-1.0,-0.9339932512171467,-0.8978546479050019,0.0,-1.712050277880785,0.0
316,-1.0,0.0,0.0,0.0,0.0,0.0,0.0,0.0,0.0,-1.0,-0.6585204021444528,-0.09232933315528118,0.0352012002080292,-1.053413423873752,0.029657967061579558
317,0.0,0.0,0.0,0.0,1.0,0.0,0.0,0.0,0.0,0.0,1.3122412630170082,-0.8978546479050019,0.9087248608398454,0.9911836336619805,0.7656253716224029
318,-1.0,-1.0,0.0,0.0,0.0,-1.0,0.0,0.0,-1.0,-1.0,-0.3109922412082872,-0.8978546479050019,-0.788914501360945,-0.9622988843778957,-0.6646818903188685
319,0.0,0.0,2.0,0.0,0.0,0.0,0.0,0.0,0.0,0.0,1.0564577427791206,-0.8978546479050019,1.0132644891392335,0.6833606162792264,0.8537028472314847
320,0.0,-1.0,2.0,0.0,0.0,-1.0,-0.5,0.0,-1.0,-1.0,-0.09483912587711986,-0.8978546479050019,-0.3440837281663847,-0.7021691304514474,-0.2898998845515688
321,0.0,-1.0,0.0,0.0,0.0,0.0,0.5,0.0,-1.0,0.0,0.11961499925683539,0.2513835385464466,0.8239522215705715,1.2917009215474746,0.6942021210425019
322,0.0,0.0,0.0,0.0,0.0,0.0,-0.5,0.0,0.0,0.0,-0.13172426701854675,0.08318797229987235,-0.22350148481211646,0.023622724151708827,-0.18830607012257602
323,0.0,-1.0,0.0,0.0,1.0,0.0,0.5,-15.0,-1.0,0.0,0.6553173195389727,0.18551924835709352,-0.14653031930593433,1.13387924755853,1.2024658547886833
324,-1.0,-1.0,0.0,0.0,0.0,0.0,-0.5,10.0,-1.0,0.0,0.38162329401292566,0.11649536203854513,0.3751879072330099,0.5812632330992501,-0.2342011966051679
325,0.0,0.0,1.0,0.0,0.0,0.0,0.0,0.0,0.0,0.0,-0.23745432475793524,0.12325573204119347,0.6956417540223958,0.164866598302785,0.5860970678707152
326,-1.0,-1.0,1.0,0.0,0.0,0.0,0.5,0.0,-1.0,-1.0,-0.5572888328448828,-0.8978546479050019,0.5066322445696168,-1.2587048449266973,0.42685142361574235
327,0.0,-1.0,1.0,0.0,0.0,-1.0,-0.5,0.0,-1.0,-1.0,0.16612878173599505,-0.8978546479050019,-0.14912387600624563,-0.3881069551915971,-0.12564091498447272
328,0.0,-1.0,0.0,0.0,0.0,0.0,-0.5,0.0,-1.0,-1.0,-0.4340610284669573,0.07594435396438412,-0.035755572554355554,-0.2393661251505169,-0.030125040817305576
329,-1.0,-1.0,0.0,0.0,1.0,0.0,0.5,0.0,-1.0,-1.0,-0.6136022029852093,-0.8978546479050019,-0.725245822363402,-1.3264752450661021,-0.6110392993445761
330,0.0,0.0,0.0,0.0,0.0,-1.0,-0.5,-15.0,0.0,0.0,0.25838703362110915,0.18048006712980263,0.1693800499670145,0.890032848338222,1.4686289194267939
331,0.0,0.0,0.0,1.0,0.0,-1.0,0.0,0.0,0.0,-0.16498608858368025,0.09776836595260043,-0.02460844284761734,-0.7469525425856597,-0.11314326033915259,-0.6293278005764114
332,0.0,-1.0,0.0,0.0,0.0,0.0,0.5,0.0,-1.0,-1.0,-0.2351317242561083,-0.8978546479050019,-2.1342224970269137,-0.8710044444283732,-1.7981404084190735
333,0.0,0.0,3.0,0.0,0.0,0.0,-0.5,0.0,0.0,0.0,2.6220186174122713,-0.8978546479050019,2.4100016089156004,2.5674369315858656,2.030491798949242
334,0.0,-1.0,1.0,1.0,1.0,0.0,0.0,0.0,-1.0,-1.0,-0.46686918237018826,0.05191107339469582,0.8968065556077265,-0.3849656192673392,0.7555838758235348
335,0.0,0.0,0.0,0.0,1.0,0.0,-0.5,0.0,0.0,0.0,1.3715264531131708,-0.8978546479050019,0.7740506099015886,1.062530474476973,0.6521586581363459
336,-1.0,-1.0,0.0,0.0,0.0,0.0,-0.5,0.0,-1.0,-1.0,-0.6854369621234567,-0.8978546479050019,-2.3235347645955766,-1.412924881423962,-1.9576411346080567
337,-1.0,-1.0,1.0,0.0,1.0,0.0,0.0,0.0,-1.0,0.0,1.1642975691974737,-0.8978546479050019,0.3601019252636824,0.81314059870834,0.30339565057914675
338,0.0,0.0,0.0,0.0,0.0,0.0,-0.5,0.0,0.0,0.0,-0.049154087316665346,0.08553665504953828,-0.14653031930593433,0.0988491959425224,-0.12345577303659556
339,-1.0,-1.0,1.0,0.0,1.0,0.0,0.0,0.0,-1.0,0.0,0.9543815070739495,-0.8978546479050019,0.0,0.5605168347540679,0.0
340,0.0,0.0,0.0,0.0,0.0,0.0,0.0,0.0,0.0,-1.0,-0.021892327269439273,-0.8978546479050019,-0.3440837281663847,-0.6143812087161272,-0.2898998845515688
341,0.0,0.0,0.0,0.0,0.0,0.0,0.0,0.0,0.0,0.0,0.5717683305736825,0.21927281867709733,0.8606715976513515,1.2851571892576437,0.7251391925028418
342,0.0,0.0,3.0,0.0,0.0,0.0,0.0,0.0,0.0,0.0,0.42879577722856405,0.14497601581894023,1.0132644891392335,0.7540361368249775,0.8537028472314847
343,0.0,-1.0,0.0,0.0,0.0,0.0,0.5,10.0,-1.0,-1.0,-0.09288981572747597,-0.8978546479050019,-0.5083428565170819,-0.699823230561102,-0.9785998572853779
344,-1.0,-1.0,0.0,0.0,0.0,-1.0,0.5,0.0,-1.0,-1.0,-0.12639659155850183,-0.8978546479050019,-1.1835691820449643,-0.7401470044675733,-0.9971891756174867
345,0.0,-1.0,0.0,0.0,0.0,0.0,-0.5,0.0,-1.0,0.0,0.01193714863643795,0.0598773036188897,0.0,0.03748904755168457,0.0
346,0.0,0.0,2.0,1.0,0.0,0.0,-0.5,0.0,0.0,0.0,-0.08964632857467601,0.05587420820859274,0.0,-0.06399262607676316,0.0
347,-1.0,-1.0,3.0,0.0,0.0,0.0,-0.5,0.0,-1.0,-1.0,-0.31263925057588376,-0.8978546479050019,1.5648572510814187,-0.9642809799903093,1.3184347276335577
348,0.0,0.0,0.0,0.0,0.0,-1.0,0.0,0.0,0.0,-1.0,-0.3985066722977204,0.04640200712545695,-0.1620185868333723,-0.34207080529726,-0.13650505901136564
349,0.0,0.0,2.0,0.0,0.0,0.0,-0.5,-12.0,0.0,-0.3689264556786991,0.36121070984543574,-0.8978546479050019,0.29154403342611807,-0.15333534953207562,1.2242710797892478
350,0.0,-1.0,0.0,1.0,0.0,0.0,-0.5,0.0,-1.0,-1.0,0.34821403915383964,-0.8978546479050019,-2.226906056958624,-0.16897621014927386,-1.8762288244776169
351,0.0,0.0,1.0,0.0,0.0,0.0,-0.5,-15.0,0.0,0.0,1.9185376284779267,-0.8978546479050019,0.8362581158325262,1.7208318004821215,2.030491798949242
352,0.0,-1.0,1.0,1.0,0.0,0.0,0.0,0.0,-1.0,-1.0,-0.5143120520805707,0.030039922041902492,-0.7009628964189776,-0.5225720235066444,-0.590580274835114
353,0.0,0.0,1.0,0.0,0.0,-1.0,0.5,0.0,0.0,0.0,0.736066694547182,0.2520991798208772,0.7740506099015886,1.606586763479823,0.6521586581363459
354,0.0,0.0,0.0,1.0,0.0,0.0,0.0,0.0,0.0,-1.0,-0.4129310432909904,0.06827097172227672,-0.44970425719226176,-0.2634813938777447,-0.3788880483745047
355,0.0,-1.0,0.0,0.0,0.0,0.0,-0.5,0.0,-1.0,-0.6117650289467846,-0.44210136116171606,0.09730449920247737,-0.9134843906408158,0.07033695259396701,-0.7696354047244452
356,0.0,0.0,2.0,0.0,0.0,-1.0,0.0,0.0,0.0,-1.0,0.3104761859077499,-0.8978546479050019,-0.6855709329215708,-0.2143918797942733,-0.5776121276207757
357,0.0,0.0,0.0,1.0,0.0,0.0,-0.5,0.0,0.0,-0.8477017615753182,-0.3050240525072699,-0.07839912578315769,-1.4083548749863082,-0.6668401290580475,-1.1865772259615242
358,-1.0,-1.0,0.0,1.0,0.0,0.0,0.0,0.0,-1.0,-1.0,-0.8201722719690943,-0.8978546479050019,-1.3702851863997827,-1.575072269129439,-1.1545024795474461
359,-1.0,-1.0,0.0,0.0,0.0,0.0,0.5,0.0,-1.0,-1.0,-0.6854369621234567,-0.8978546479050019,-6.027555607000323,-1.412924881423962,-5.078379276780513
360,0.0,0.0,0.0,1.0,0.0,-1.0,0.0,0.0,0.0,-1.0,-0.31683683745440144,0.07191337789840205,-0.09046742316903339,-0.17287152090815489,-0.07622126065693675
361,0.0,0.0,0.0,0.0,0.0,-1.0,-0.5,0.0,0.0,-1.0,0.33606124386292485,-0.8978546479050019,0.0317313152984816,-0.1836015077939585,0.026734494800786213
362,-1.0,-1.0,0.0,0.0,0.0,0.0,0.5,0.0,-1.0,-1.0,-0.16789678944749664,-0.8978546479050019,-0.8507159727360015,-0.7900904727734707,-0.7167513081673116
363,-1.0,-1.0,0.0,0.0,0.0,-1.0,0.0,0.0,-1.0,-1.0,0.1538138785293362,-0.8978546479050019,-0.07292386431547634,-0.4029273418229356,-0.06144033592860916
364,0.0,0.0,1.0,0.0,0.0,0.0,0.5,0.0,0.0,0.0,1.3089332972057013,-0.8978546479050019,0.8606715976513515,0.9872026578098676,0.7251391925028418
365,-1.0,-1.0,1.0,0.0,0.0,-1.0,0.0,-5.0,-1.0,-0.5629471182776746,-0.4334951794454013,0.11360872876610627,0.009935342470050738,0.00026543769086006885,0.35713380338179834
366,0.0,0.0,3.0,0.0,0.0,0.0,0.5,-5.0,0.0,0.0,3.7374452792069963,-0.8978546479050019,3.857577537419054,3.909798630195276,3.5988768351013327
367,0.0,-1.0,1.0,1.0,0.0,0.0,0.5,-10.0,-1.0,-1.0,-0.0916413363836048,-0.8978546479050019,-0.5604790039438385,-0.6983207464354122,0.30339565057914675
368,0.0,0.0,1.0,0.0,0.0,0.0,0.0,0.0,0.0,0.0,0.6588727655714258,0.08579500705050419,1.5198967337088503,0.6982000547886893,1.280554270847227
369,-1.0,0.0,0.0,0.0,0.0,-1.0,0.5,0.0,0.0,0.0,-0.5326509318287102,0.15566993082770744,-0.14653031930593433,0.21057508990600182,-0.12345577303659556
370,0.0,-1.0,0.0,0.0,0.0,0.0,0.5,0.0,-1.0,0.0,-0.5339403982560241,0.32186975483040225,-0.02319341668961324,2.0026790009551725,-0.019541083376728722
371,0.0,0.0,3.0,0.0,0.0,0.0,-0.5,0.0,0.0,0.0,-0.1445090746147607,0.15521798374277895,0.3601019252636824,0.4262627204753026,0.30339565057914675
372,0.0,-1.0,0.0,0.0,0.0,0.0,0.0,0.0,-1.0,-1.0,0.30797602856739,-0.8978546479050019,-0.7009628964189776,-0.21740069746839655,-0.590580274835114
373,-1.0,-1.0,0.0,1.0,0.0,0.0,-0.5,0.0,-1.0,-1.0,0.18166985834719138,-0.8978546479050019,0.41985358246074517,-0.36940402588877963,0.3537380443200586
374,-1.0,-1.0,0.0,0.0,0.0,0.0,0.5,0.0,-1.0,-1.0,-1.076522931864411,0.06191096868790742,-1.9594876916266533,-0.7564692905413677,-1.6509215899570133
375,-1.0,-1.0,0.0,0.0,0.0,-1.0,0.0,0.0,-1.0,-1.0,0.12666651746166588,-0.8978546479050019,-0.16747723111897453,-0.4355978695803825,-0.1411041150511181
376,0.0,0.0,0.0,0.0,0.0,0.0,-0.5,0.0,0.0,-1.0,-0.23689778461294672,-0.8978546479050019,0.6442763218738977,-0.8731298121120162,0.5428202964606162
377,0.0,0.0,0.0,0.0,0.0,0.0,0.0,0.0,0.0,0.0,-0.45139697565621334,0.10093933129552182,-0.1090016643240161,-0.11089219464604108,-0.09183686212613103
378,-1.0,-1.0,0.0,0.0,0.0,-1.0,0.0,0.0,-1.0,-1.0,-0.009103077694770652,-0.8978546479050019,-0.4008979060837715,-0.598989969317771,-0.3377673722322938
379,0.0,0.0,0.0,0.0,0.0,0.0,0.5,0.0,0.0,-1.0,-0.7886868939939674,0.011152231402648363,0.0,-0.8269651700312582,0.0
380,0.0,-1.0,0.0,0.0,1.0,0.0,-0.5,0.0,-1.0,0.0,0.8277497035627669,-0.8978546479050019,0.21961803278854533,0.4081216225168629,0.1850341563378275
381,0.0,-1.0,0.0,0.0,1.0,0.0,-0.5,0.0,-1.0,0.0,0.736066694547182,-0.8978546479050019,1.0132644891392335,0.2977855834645422,0.8537028472314847
382,-1.0,0.0,0.0,0.0,0.0,0.0,0.0,0.0,0.0,0.0,-0.06356876676325475,0.04475794494496321,0.26741836533197183,-0.08576572429865048,0.22530723452060356
383,0.0,-1.0,0.0,0.0,0.0,0.0,0.5,0.0,-1.0,-1.0,-0.6760271829929988,-0.8978546479050019,-0.48630916812796565,-1.401600670223221,-0.4097286798418247
384,-1.0,-1.0,0.0,0.0,0.0,0.0,0.5,0.0,-1.0,-1.0,-0.4694641711284042,0.04475794494496321,-0.3440837281663847,-0.42060252486873834,-0.2898998845515688
385,0.0,0.0,0.0,0.0,0.0,0.0,0.5,0.0,0.0,0.0,0.1760476659477604,0.11183195167538526,-0.3440837281663847,0.39846981130647435,-0.2898998845515688
386,0.0,-1.0,0.0,0.0,0.0,-1.0,-0.5,0.0,-1.0,0.0,0.8373206545245743,-0.8978546479050019,-0.16262089748663486,0.4196397961722488,-0.13701252209244535
387,-1.0,-1.0,0.0,0.0,0.0,0.0,-0.5,0.0,-1.0,-1.0,-0.22502703387312673,-0.8978546479050019,0.5584203444386674,-0.8588439413572018,0.4704843040579185
388,0.0,0.0,2.0,1.0,0.0,-1.0,-0.5,0.0,0.0,0.0,0.031674452936415166,0.054022743242752864,-0.08275185073984281,0.041778518404017154,-0.06972068136947374
389,0.0,-1.0,0.0,0.0,0.0,0.0,-0.5,0.0,-1.0,-1.0,0.12820546935475788,-0.8978546479050019,-0.14653031930593433,-0.4337458158792766,-0.12345577303659556
390,0.0,-1.0,0.0,1.0,0.0,-1.0,-0.5,0.0,-1.0,0.0,0.741220295056891,-0.8978546479050019,-0.21281474388965504,0.3039876908474124,-0.17930220069764444
391,-1.0,-1.0,0.0,0.0,0.0,0.0,-0.5,0.0,-1.0,0.0,0.7852171426012373,-0.8978546479050019,0.38911252497486337,0.35693575549924783,0.32783786861677594
392,0.0,0.0,1.0,1.0,0.0,0.0,-0.5,0.0,0.0,0.0,0.07906858557471708,0.2116237029831715,0.17078965769502033,0.9531736268745754,0.14389492439016363
393,0.0,-1.0,0.0,0.0,1.0,-1.0,0.5,-15.0,-1.0,0.0,0.9266342300964187,0.18029165487324061,0.07684086206836402,1.3256250436072237,1.390662140726515
394,-1.0,-1.0,0.0,0.0,0.0,0.0,-0.5,0.0,-1.0,0.0,1.0080929684855193,0.11022560586328764,1.628835010173319,1.1654365388920056,1.3723377269803942
395,0.0,-1.0,0.0,0.0,0.0,-1.0,-0.5,0.0,-1.0,0.0,0.48862371428445517,-0.8978546479050019,-0.12385780073626002,0.0,-0.10435356047086886
396,0.0,0.0,1.0,0.0,0.0,-1.0,0.0,0.0,0.0,-1.0,-0.3098476614481106,0.02783697881819562,-0.12768845238893098,-0.36187320757531866,-0.10758098850934335
397,0.0,0.0,0.0,1.0,0.0,-1.0,0.5,0.0,0.0,-0.43729916737075425,-0.6698707755791732,0.1399383655722453,-0.3171493942586338,0.030570571127592924,-0.2672069768341922
398,0.0,-1.0,0.0,0.0,0.0,0.0,0.5,0.0,-1.0,0.0,1.2518128303839686,-0.8978546479050019,1.464741828759058,0.9184609560965421,1.2340847656991478
399,0.0,0.0,1.0,0.0,0.0,0.0,-0.5,0.0,0.0,-1.0,-1.0228343821405204,-0.8978546479050019,-1.6827451574070902,-1.8189662549659982,-1.4177584899514102
400,0.0,0.0,2.0,0.0,0.0,0.0,0.5,0.0,0.0,0.0,0.5897661456197208,-0.8978546479050019,0.920580929207523,0.12171999341511075,0.7756144311729415
401,0.0,-1.0,0.0,0.0,0.0,0.0,0.5,0.0,-1.0,-0.8321507201953124,0.06258886043927975,-0.8978546479050019,-0.8879973939789922,-0.5127122110872301,-0.7481619179391127
402,-1.0,0.0,0.0,0.0,0.0,0.0,0.0,0.0,0.0,0.0,-0.38621298357063466,0.10545137436946314,0.18718273925894052,-0.04051908354165293,0.1577065407608379
403,0.0,0.0,0.0,1.0,1.0,0.0,0.5,0.0,0.0,-1.0,0.30343472729362564,-0.8978546479050019,0.17078965769502033,-0.22286593252198478,0.14389492439016363
404,0.0,0.0,2.0,0.0,1.0,-1.0,0.0,0.0,0.0,-1.0,-0.48934086808166755,-0.8978546479050019,-0.4281834142321657,-1.1769327764252653,-0.36075615378352527
405,0.0,0.0,0.0,0.0,0.0,0.0,0.0,0.0,0.0,0.0,0.27804321187643277,0.16093752542411868,0.0,0.7333871558434722,0.0
406,-1.0,-1.0,0.0,1.0,0.0,-1.0,0.5,0.0,-1.0,-1.0,-0.4925046010306504,-0.8978546479050019,-1.0671112485134573,-1.1807401750475197,-0.899070204209537
407,0.0,0.0,0.0,0.0,0.0,0.0,0.0,0.0,0.0,-1.0,-0.2386660199215103,0.04098177115986333,0.17078965769502033,-0.24934240436330163,0.14389492439016363
408,-1.0,-1.0,0.0,0.0,0.0,0.0,0.5,0.0,-1.0,0.0,1.4342662034119238,-0.8978546479050019,1.600195426459656,1.1380347103591015,1.34820809999559
409,0.0,0.0,2.0,0.0,0.0,0.0,0.5,0.0,0.0,-1.0,0.2668888510711579,-0.8978546479050019,0.1040074334460474,-0.2668471158336934,0.08762908699342459
410,0.0,0.0,0.0,0.0,1.0,0.0,-0.5,0.0,0.0,0.0,-0.5700467141362238,0.1668294075433673,0.39017431103810973,0.27796318791313,0.32873245220779246
411,-1.0,-1.0,0.0,1.0,0.0,0.0,0.0,0.0,-1.0,-1.0,-0.9608044541272452,-0.8978546479050019,-2.0019269073152386,-1.7443162556567264,-1.6866777816088043
412,-1.0,-1.0,0.0,0.0,0.0,-1.0,0.0,0.0,-1.0,-1.0,-0.5731360511778781,-0.8978546479050019,-0.9342593229025309,-1.2777762008914955,-0.7871388492968837
413,0.0,-1.0,0.0,1.0,0.0,0.0,-0.5,0.0,-1.0,0.0,0.05223029222416729,0.11598542948439376,-1.9178272212494587,0.3261699057644178,-1.6158215123768482
414,0.0,0.0,2.0,0.0,0.0,-1.0,0.0,0.0,0.0,-1.0,-0.3803136345299367,0.05851852522331196,0.005543668336744133,-0.2859778347458589,0.004670691111661713
415,-1.0,0.0,0.0,0.0,0.0,-1.0,0.5,0.0,0.0,0.0,1.538950220384839,-0.8978546479050019,1.8188978142407095,1.264016829716833,1.5324708005503247
416,0.0,0.0,2.0,0.0,0.0,0.0,0.5,0.0,0.0,0.0,0.06338434244533156,0.0505625820036758,0.6174069913211956,0.04594316247571309,0.5201821558350319
417,0.0,-1.0,0.0,0.0,0.0,-1.0,-0.5,0.0,-1.0,0.0,0.6699031283533339,0.1788806211120445,1.0087761408121907,1.1114306302742958,0.8499212918851421
418,0.0,0.0,0.0,0.0,0.0,-1.0,0.5,0.0,0.0,-1.0,-1.063107765784826,0.03279048290355744,-0.5604790039438385,-0.9227490084501865,-0.47221878059379424
419,0.0,0.0,0.0,0.0,0.0,-1.0,-0.5,0.0,0.0,0.0,0.04244436869169469,0.06700881808679224,0.34491503296597203,0.09186767650967173,0.29060028141924704
420,0.0,0.0,1.0,1.0,0.0,0.0,0.0,-15.0,0.0,0.0,-0.5239916857464023,0.24941308200286325,1.769078599927193,1.0273137761029016,2.816418387478924
421,0.0,0.0,1.0,0.0,0.0,0.0,0.5,0.0,0.0,-1.0,-1.2321232816110792,0.0721286950989898,-0.653162563875551,-0.7809934565111872,-0.5503071966523378
422,0.0,0.0,0.0,1.0,0.0,-1.0,-0.5,0.0,0.0,-1.0,-0.44114940272207004,-0.0358603030951748,-1.1237380276647975,-0.6313210881026613,-0.9467798033410673
423,0.0,0.0,0.0,0.0,0.0,-1.0,0.5,0.0,0.0,0.0,0.41455348378131,0.04404712051112146,0.5764972010411362,0.34229537217948647,0.48571454662137264
424,0.0,0.0,1.0,0.0,0.0,0.0,0.0,0.0,0.0,0.0,-0.17211355279871296,0.11439174298208912,0.6839933451535258,0.15722652443252122,0.5762829670869019
425,0.0,0.0,0.0,0.0,0.0,0.0,-0.5,0.0,0.0,0.0,0.0859431492438209,0.2105193536122451,0.178194505472738,0.9515823362744064,0.15013370972105416
426,-1.0,-1.0,1.0,0.0,0.0,0.0,0.0,-27.0,-1.0,-1.0,-0.13830866096678507,-0.8978546479050019,0.4345489860817659,-0.754482600228865,4.770735628015084
427,-1.0,0.0,1.0,0.0,0.0,0.0,0.5,0.0,0.0,-1.0,0.2823577239118164,-0.8978546479050019,0.1208880460260375,-0.248231080254493,0.10185146148400843
428,-1.0,0.0,0.0,1.0,0.0,-1.0,0.0,0.0,0.0,0.0,-0.8308227196101051,0.1478034404111899,0.7486823914254546,-0.00027260975765766777,0.630785245197871
429,0.0,-1.0,0.0,0.0,0.0,-1.0,-0.5,0.0,-1.0,0.0,0.7082036686655488,-0.8978546479050019,-0.1846897374348724,0.26425378793556803,-0.15560611902675847
430,0.0,0.0,0.0,0.0,0.0,-1.0,0.0,0.0,0.0,0.0,-0.27667182214492936,0.09013966258812746,-0.4349025624711965,-0.04974011177319315,-0.36641721863294385
431,-1.0,-1.0,0.0,1.0,0.0,0.0,-0.5,-5.0,-1.0,-1.0,-0.4409041828320346,-0.8978546479050019,-1.4437111026130238,-1.1186415831861776,-0.9059888327195769
432,0.0,0.0,2.0,0.0,1.0,-1.0,-0.5,0.0,0.0,0.0,0.7874100005106434,-0.8978546479050019,0.0,0.35957475326476923,0.0
433,0.0,0.0,2.0,0.0,1.0,0.0,0.0,0.0,0.0,0.0,0.25658733338583756,0.09079450810491026,0.5066322445696168,0.36815007463155064,0.42685142361574235
434,0.0,0.0,1.0,0.0,0.0,0.0,0.5,0.0,0.0,-1.0,-1.3111284762803714,0.04170959148452881,-3.2940173054720816,-1.0328810723485333,-2.775299028687154
435,-1.0,0.0,2.0,0.0,0.0,0.0,0.5,0.0,0.0,0.0,1.9461342095809486,-0.8978546479050019,-1.3702851863997827,1.754042942688154,-1.1545024795474461
436,0.0,0.0,0.0,0.0,0.0,-1.0,0.5,0.0,0.0,0.0,0.3740680500320953,0.05555333162257438,0.4202321733836872,0.35183076445768396,0.3540570174532502
437,0.0,-1.0,0.0,0.0,0.0,0.0,0.0,0.0,-1.0,0.0,1.623244770929809,-0.8978546479050019,0.37231185610398565,1.3654612186029638,0.3136828488719834
438,0.0,0.0,0.0,0.0,0.0,-1.0,-0.5,-15.0,0.0,-0.13076031009079414,-0.14978253313203962,0.16582974804695838,0.023725246866398805,0.508520983903685,1.345910792567765
439,0.0,0.0,0.0,0.0,0.0,0.0,0.0,0.0,0.0,0.0,0.7209563592876838,0.1927744415786309,1.600195426459656,1.2203786756263895,1.34820809999559
440,-1.0,-1.0,1.0,1.0,0.0,0.0,0.0,0.0,-1.0,0.0,0.43544946075932434,-0.8978546479050019,0.06986495647151943,-0.06399262607676316,0.05886312300563032
441,0.0,0.0,1.0,0.0,1.0,-1.0,-0.5,0.0,0.0,0.0,1.1712731629458941,0.203597616242364,2.4465240897471703,1.6064601710251754,2.061262980815444
442,0.0,0.0,1.0,0.0,1.0,-1.0,-0.5,-5.0,0.0,-1.0,-0.8115765799102028,-0.8978546479050019,-1.5038785366115546,-1.564727772096948,-0.9182954972624499
443,0.0,0.0,2.0,0.0,0.0,0.0,0.0,0.0,0.0,-1.0,-0.37255246839775596,-0.8978546479050019,-1.0389067624191304,-1.0363836216064954,-0.8753071587840718
444,0.0,0.0,0.0,0.0,0.0,-1.0,-0.5,0.0,0.0,0.0,0.8901054397010664,0.19864281166949732,2.0424295983562906,1.3782452427953327,1.7208023986588457
445,0.0,0.0,0.0,0.0,0.0,0.0,-0.5,0.0,0.0,0.0,-0.24487204886329242,0.08226295502855971,-0.3857441985435793,-0.06699104838137146,-0.3249999621317343
446,0.0,0.0,0.0,0.0,0.0,0.0,0.0,0.0,0.0,-1.0,-0.5041649646953357,0.08771637486419082,-0.1090016643240161,-0.22396105691204848,-0.09183686212613103
447,-1.0,-1.0,0.0,0.0,0.0,0.0,0.5,0.0,-1.0,-1.0,-0.48341760583627436,-0.8978546479050019,0.3205622323824349,-1.1698044186036567,0.27008238562889325
448,-1.0,-1.0,0.0,1.0,0.0,0.0,0.5,0.0,-1.0,-1.0,-1.0023604223362743,0.10721303184089297,-0.14653031930593433,-0.40066863416704335,-0.12345577303659556
449,-1.0,-1.0,0.0,0.0,0.0,0.0,-0.5,0.0,-1.0,-1.0,-0.4004997371582927,-0.8978546479050019,-1.3380799381546462,-1.0700167993400505,-1.1273686833694845
450,-1.0,0.0,0.0,1.0,0.0,0.0,-0.5,0.0,0.0,-1.0,0.0966860690477604,-0.8978546479050019,-0.07208325848785084,-0.47167788007000827,-0.06073210269223819
451,-1.0,-1.0,0.0,0.0,0.0,-1.0,0.5,10.0,-1.0,0.0,0.49663751974008574,-0.8978546479050019,0.25159647598548296,0.009644224826432722,-0.3383303335485325
452,0.0,0.0,2.0,1.0,0.0,-1.0,0.5,-15.0,0.0,-1.0,-0.4059562563458521,-0.8978546479050019,-2.3734363762645594,-1.0765834546083777,-0.673762969688933
453,-1.0,-1.0,0.0,0.0,0.0,-1.0,0.0,0.0,-1.0,0.0,-0.8388627231985967,0.2797806577244742,0.15427735267250997,1.2519061390506285,0.12998285901812395
454,0.0,0.0,1.0,0.0,0.0,0.0,0.0,0.0,0.0,0.0,3.127435852988303,-0.8978546479050019,1.6089446932911033,3.175681975471298,1.3555795948868585
455,0.0,0.0,3.0,1.0,0.0,0.0,0.5,-15.0,0.0,-1.0,0.058357756554466435,-0.8978546479050019,0.0,-0.5178041386808132,1.3259216278252794
456,0.0,-1.0,0.0,0.0,1.0,-1.0,0.5,0.0,-1.0,0.0,1.4353693973878912,-0.8978546479050019,0.8606715976513515,1.1393623506156942,0.7251391925028418
457,0.0,0.0,2.0,0.0,0.0,0.0,0.5,0.0,0.0,0.0,1.3335592463992116,-0.8978546479050019,-0.3031739378863274,1.016838789096241,-0.2554322753379096
458,-1.0,-1.0,0.0,0.0,0.0,0.0,0.5,0.0,-1.0,-1.0,-0.35421866358823145,-0.8978546479050019,-1.7202738123890084,-1.0143197798416876,-1.4493774008618747
459,0.0,0.0,2.0,0.0,0.0,-1.0,0.0,0.0,0.0,-1.0,0.23218963077339258,-0.8978546479050019,-0.36593507036504885,-0.30860593861849644,-0.3083102337257273
460,0.0,0.0,0.0,0.0,0.0,0.0,-0.5,0.0,0.0,0.0,0.6624194291016489,0.117912571908253,0.7991385108351591,0.8181424076457172,0.673295895933207
461,0.0,-1.0,0.0,0.0,0.0,0.0,0.0,0.0,-1.0,0.0,-0.6136022029852093,0.383363246865444,-0.49336775543038325,2.470161195996449,-0.4156757313195941
462,-1.0,0.0,1.0,0.0,0.0,0.0,0.5,0.0,0.0,-1.0,-1.6713921301472485,0.10457844293353644,0.18680343035922306,-0.7084349121676053,0.15738696271271602
463,0.0,0.0,0.0,0.0,0.0,0.0,-0.5,0.0,0.0,-1.0,-0.562269503311218,0.02991376036206287,-0.07110449241368014,-0.4917732494746015,-0.0599074656964195
464,0.0,0.0,1.0,0.0,0.0,0.0,0.0,0.0,0.0,0.0,-0.032782219064809076,0.13596171336497614,0.42016885024391365,0.3770154782664581,0.35400366598845395
465,-1.0,0.0,2.0,0.0,0.0,0.0,0.0,0.0,0.0,0.0,0.15938305351596257,0.10819352284446679,-0.017807400564500375,0.36815007463155064,-0.015003218534402816
466,0.0,0.0,0.0,0.0,0.0,-1.0,-0.5,0.0,0.0,0.0,-0.11587386266052055,0.13840053142458522,0.2930822577692555,0.34222402369787347,0.24692976080035506
467,0.0,0.0,0.0,0.0,0.0,-1.0,-0.5,-15.0,0.0,-0.310536520505722,-0.2280705977606349,0.14153068728005833,-0.03971007335190197,0.31038623774022683,1.292464812701827
468,0.0,0.0,1.0,0.0,0.0,-1.0,-0.5,0.0,0.0,-0.6007841873945856,-0.3538143426042559,0.07415774537494875,0.32323374568400576,-0.1852562227353397,0.27233320813023587
469,-1.0,-1.0,0.0,0.0,0.0,-1.0,0.5,0.0,-1.0,-1.0,-0.43794316182244275,-0.8978546479050019,-1.1330120611061876,-1.1150781385168003,-0.9545934283512173
470,0.0,-1.0,0.0,0.0,0.0,0.0,-0.5,0.0,-1.0,0.0,0.634959611736378,0.164930798831943,2.0142345450988284,1.010113453298799,1.6970473006545859
471,0.0,-1.0,0.0,0.0,0.0,-1.0,-0.5,0.0,-1.0,0.0,0.5553567414952992,-0.8978546479050019,-0.1256260571881323,0.08030995028930223,-0.10584336454846173
472,0.0,-1.0,0.0,1.0,0.0,0.0,0.0,0.0,-1.0,-1.0,-0.7048893428290824,0.056684798087859097,0.06986495647151943,-0.5378306895379871,0.05886312300563032
473,0.0,0.0,3.0,0.0,0.0,-1.0,0.0,0.0,0.0,-0.4999496922157103,0.38058873185276143,-0.8978546479050019,-0.6889511256399218,-0.13001484319274317,-0.5804600317749015
474,-1.0,-1.0,1.0,0.0,0.0,0.0,0.5,0.0,-1.0,0.0,1.7822025038718754,-0.8978546479050019,-2.6408547415965304,1.5567591135769694,-2.2249918320348163
475,0.0,0.0,3.0,0.0,0.0,-1.0,0.5,0.0,0.0,0.0,0.1760476659477604,0.07270112842891893,0.5066322445696168,0.22724829128644916,0.42685142361574235
476,0.0,0.0,3.0,0.0,0.0,-1.0,-0.5,0.0,0.0,-0.7202902276423084,-0.16302830253213105,0.049838943218236995,-0.025304622340396814,-0.13109186393174405,-0.021319831467168086
477,0.0,0.0,0.0,0.0,0.0,0.0,-0.5,0.0,0.0,0.0,1.038578776835637,0.07426238373084629,0.7740506099015886,1.0223505121394754,0.6521586581363459
478,0.0,0.0,0.0,1.0,0.0,0.0,-0.5,0.0,0.0,-1.0,-0.5572888328448828,0.06452303517136465,-0.40686464789835314,-0.38938024501053686,-0.3427945142375665
479,0.0,0.0,0.0,1.0,0.0,-1.0,-0.5,0.0,0.0,0.0,-0.10125615058791976,0.17881116063383368,0.39017431103810973,0.6141727374527645,0.32873245220779246
480,0.0,-1.0,0.0,1.0,0.0,0.0,-0.5,0.0,-1.0,0.0,-0.26410289116148666,0.1193642110211617,-0.14653031930593433,0.12381136843702145,-0.12345577303659556
481,-1.0,-1.0,0.0,0.0,0.0,0.0,-0.5,10.0,-1.0,0.0,0.47634120064766716,0.09770479974028208,0.533000349431768,0.5966185435115998,-0.10123992866605194
482,0.0,0.0,2.0,1.0,0.0,0.0,-0.5,0.0,0.0,0.0,0.05655827406665645,0.04043320614786784,0.46365748649546007,0.0035729193717327864,0.39064402296148876
483,0.0,-1.0,1.0,0.0,0.0,-1.0,0.5,-15.0,-1.0,0.0,-0.3224527776874248,0.08469343001395879,-0.3235366926126416,-0.11191858238572276,1.0533331786811622
484,-1.0,-1.0,0.0,0.0,0.0,0.0,0.0,0.0,-1.0,0.0,1.1150128103132728,-0.8978546479050019,1.7772017997663634,0.7538287901265882,1.4973407761031121
485,0.0,-1.0,0.0,0.0,0.0,-1.0,0.5,0.0,-1.0,0.0,0.029760930725617408,0.14974001816181087,0.5886688839257191,0.5307947932085694,0.4959695199728946
486,0.0,0.0,0.0,0.0,0.0,0.0,0.5,0.0,0.0,-1.0,-0.8929471837277372,0.0939223474944891,-0.8507159727360015,-0.43333357116565413,-0.7167513081673116
487,0.0,-1.0,0.0,0.0,0.0,0.0,0.5,0.0,-1.0,-1.0,-0.4685285453452756,-0.8978546479050019,-0.5885463789117331,-1.1518861589672615,-0.4958663061719974
488,-1.0,-1.0,1.0,1.0,1.0,0.0,0.0,0.0,-1.0,-1.0,0.012679935455427149,-0.8978546479050019,-1.6458267515709248,-0.572775173191164,-1.3866537305175173
489,0.0,-1.0,3.0,0.0,0.0,-1.0,-0.5,0.0,-1.0,0.0,0.5618477249473776,0.3037815390353932,3.0377618176477252,1.9623165515556913,2.5593968215939307
490,0.0,0.0,0.0,1.0,0.0,-1.0,0.5,10.0,0.0,-1.0,-0.35182365571166396,0.06191096868790742,-0.5604790039438385,-0.248231080254493,-1.0225259772461321
491,0.0,0.0,0.0,0.0,0.0,0.0,-0.5,0.0,0.0,0.0,1.9283497823562659,0.09184554627081212,1.9639178041211838,1.9636223653097051,1.6546540800330718
492,0.0,-1.0,0.0,0.0,0.0,0.0,0.0,0.0,-1.0,0.0,0.0903092041943268,0.15669661095355583,0.44630662491255096,0.6373288731509555,0.37602545091636314
493,-1.0,-1.0,0.0,0.0,0.0,-1.0,0.0,10.0,-1.0,-0.42948088973496246,-0.048733165481462636,-0.8978546479050019,-0.5477084931124974,-0.6466828511355576,-1.0117664750883304
494,0.0,0.0,2.0,0.0,0.0,0.0,0.5,-15.0,0.0,-1.0,-0.732697963328321,-0.0059193241333145704,-1.1245936082371386,-0.8536743466540363,0.37842097461877866
495,0.0,0.0,3.0,0.0,0.0,0.0,-0.5,0.0,0.0,0.0,1.185123497571594,0.20393461801180446,0.0352012002080292,1.6186966594516194,0.029657967061579558
496,0.0,0.0,2.0,0.0,0.0,0.0,0.5,0.0,0.0,-1.0,0.2512515053814706,-0.8978546479050019,-0.5604790039438385,-0.28566590028696853,-0.47221878059379424
497,0.0,0.0,0.0,0.0,0.0,0.0,0.0,0.0,0.0,0.0,0.7020143422448618,-0.8978546479050019,0.0,0.2568052348285861,0.0
498,0.0,0.0,2.0,0.0,0.0,-1.0,0.0,0.0,0.0,-1.0,0.2997004354456304,-0.8978546479050019,-0.6190380984917324,-0.22735997100956454,-0.5215564079188211
499,-1.0,-1.0,0.0,0.0,0.0,-1.0,-0.5,10.0,-1.0,0.0,0.4271412982520345,-0.28494357093379546,0.32627539005632716,0.3550394222861387,-0.2754113205427637
500,0.0,0.0,3.0,0.0,0.0,0.0,0.0,0.0,0.0,-1.0,0.2900301098560343,-0.8978546479050019,-0.5604790039438385,-0.23899773719283807,-0.47221878059379424
501,0.0,0.0,2.0,1.0,0.0,0.0,0.5,0.0,0.0,0.0,-0.31263925057588376,0.09596633542682435,-0.035755572554355554,-0.04413501957033102,-0.030125040817305576
502,0.0,0.0,2.0,0.0,0.0,0.0,-0.5,0.0,0.0,0.0,-0.12639659155850183,0.18797336991624025,1.4554176598714645,0.6673029401923197,1.226228900214149
503,-1.0,-1.0,0.0,0.0,0.0,-1.0,0.0,0.0,-1.0,-1.0,0.12207993119708285,-0.8978546479050019,-0.23247311032220352,-0.44111760291635804,-0.19586490823873495
504,0.0,0.0,0.0,0.0,0.0,-1.0,0.5,0.0,0.0,-1.0,-1.7774845332833702,0.13822780798437723,-0.41261321261354694,-0.45423162298385333,-0.3476378361120217
505,-1.0,0.0,0.0,0.0,0.0,0.0,-0.5,0.0,0.0,-1.0,0.34798991358545184,-0.8978546479050019,0.08356530989828678,-0.16924593436242721,0.07040604279989235
506,0.0,-1.0,1.0,0.0,0.0,-1.0,-0.5,0.0,-1.0,0.0,3.6053974677483476,-0.8978546479050019,2.6019430890145196,3.7508855159954755,2.1922077080910607
507,0.0,-1.0,0.0,0.0,0.0,-1.0,-0.5,0.0,-1.0,0.0,0.5781800145161111,-0.8978546479050019,-0.13444551155886866,0.10777664853977101,-0.11327399434752108
508,0.0,0.0,2.0,0.0,0.0,0.0,0.5,0.0,0.0,-0.6025038558741072,0.3403412480214605,-0.8978546479050019,-0.2159651688110487,-0.1784507311009727,-0.18195651924350192
509,-1.0,-1.0,0.0,0.0,0.0,-1.0,0.0,0.0,-1.0,-1.0,0.14818038907552505,-0.8978546479050019,-0.1783023695271919,-0.40970697219338825,-0.15022458811597514
510,0.0,-1.0,0.0,0.0,0.0,0.0,0.0,0.0,-1.0,0.0,0.028637616967532205,0.17731787952793487,0.5864870329876195,0.7137138100171933,0.4941312513095258
511,-1.0,-1.0,0.0,0.0,0.0,0.0,0.5,0.0,-1.0,-1.0,-0.5207578850796671,0.05868932721331167,-0.9563365017618785,-0.3925979809663771,-0.8057394719902474
512,0.0,-1.0,0.0,0.0,0.0,0.0,0.5,0.0,-1.0,0.0,-0.24620540932663063,0.1261989640896209,-0.3440837281663847,0.17702768689264659,-0.2898998845515688
513,0.0,-1.0,0.0,0.0,0.0,0.0,0.0,0.0,-1.0,-1.0,-0.6927007561440217,0.11598542948439376,0.1376440773042809,-0.1647367714028449,0.11596887284487392
514,0.0,-1.0,0.0,0.0,0.0,0.0,0.5,-25.0,-1.0,0.0,-0.36867321743525516,0.22100873787826464,0.4345489860817659,0.8215353862758816,3.793577007747004
515,0.0,0.0,0.0,0.0,0.0,0.0,0.0,0.0,0.0,0.0,0.25658733338583756,0.21927281867709733,1.5648572510814187,1.1045077813932684,1.3184347276335577
516,0.0,-1.0,0.0,0.0,0.0,0.0,0.0,0.0,-1.0,0.0,0.28665930993414657,0.0910425805135973,0.0,0.39413437946199154,0.0
517,0.0,0.0,0.0,0.0,0.0,0.0,0.5,0.0,0.0,-1.0,-0.7490141262843482,0.08979743402495985,0.0,-0.37258474231190414,0.0
518,-1.0,0.0,1.0,0.0,0.0,0.0,0.0,-15.0,0.0,0.0,0.2643982920961415,0.1311093961781741,0.20345830668328937,0.5609805823974721,1.4973407761031121
519,0.0,0.0,0.0,1.0,0.0,0.0,-0.5,0.0,0.0,-1.0,-1.0694051745162856,0.06966719357234902,-0.6769369374753476,-0.7016876134610246,-0.5703377520017445
520,0.0,-1.0,1.0,0.0,0.0,0.0,0.0,0.0,-1.0,0.0,2.944953306471843,-0.8978546479050019,1.534917832345019,2.9560731123352237,1.2932099543451605
521,0.0,-1.0,0.0,0.0,0.0,0.0,0.5,0.0,-1.0,-1.0,-0.4272433253359875,-0.8978546479050019,-1.1551257667549144,-1.1022014060764165,-0.9732248258565168
522,-1.0,-1.0,0.0,1.0,0.0,0.0,-0.5,0.0,-1.0,-1.0,-0.1344891208632796,-0.8978546479050019,-0.874205408392678,-0.7498859696148912,-0.7365417955621678
523,0.0,0.0,0.0,0.0,0.0,-1.0,-0.5,0.0,0.0,-0.8929150517082856,-0.5715867905546409,0.07714426198344236,0.42194339598408914,-0.3297529875642311,0.3554987689622275
524,0.0,-1.0,0.0,0.0,0.0,0.0,0.5,0.0,-1.0,0.0,0.8193062397178333,-0.8978546479050019,0.0,0.39796032473078036,0.0
525,0.0,-1.0,0.0,1.0,1.0,0.0,0.0,0.0,-1.0,0.0,0.5947257598398398,-0.8978546479050019,0.06986495647151943,0.1276886477399537,0.05886312300563032
526,0.0,0.0,2.0,0.0,0.0,0.0,-0.5,0.0,0.0,0.0,0.5994215779324471,0.20403813449781516,-0.14653031930593433,1.2049556516985862,-0.12345577303659556
527,0.0,0.0,3.0,0.0,0.0,0.0,0.0,0.0,0.0,0.0,0.7374121329299559,-0.8978546479050019,0.3601019252636824,0.29940475307446407,0.30339565057914675
528,-1.0,-1.0,0.0,0.0,0.0,0.0,-0.5,-3.0,-1.0,-1.0,-0.8354380979118312,0.1030278243830314,-0.400096008221162,-0.30002902221611605,-0.18780446893117275
529,0.0,0.0,0.0,0.0,1.0,0.0,0.0,0.0,0.0,0.0,-0.8756104977412983,0.1778328753607629,0.5066322445696168,0.2334244670896963,0.42685142361574235
530,0.0,0.0,0.0,1.0,0.0,-1.0,0.5,0.0,0.0,-1.0,-0.6402671263486397,0.10545137436946314,0.7866292123415327,-0.20399323222828897,0.6627564722631342
531,0.0,0.0,1.0,1.0,0.0,-1.0,0.5,-15.0,0.0,-1.0,-0.5331031929203417,0.07707560194280311,-0.30711819384350464,-0.2989816969952815,1.0671662097374317
532,-1.0,-1.0,0.0,0.0,0.0,0.0,0.5,0.0,-1.0,-1.0,-0.23955095485805003,-0.8978546479050019,-1.0671112485134573,-0.8763227733697169,-0.899070204209537
533,0.0,0.0,0.0,0.0,0.0,0.0,0.5,0.0,0.0,-1.0,-0.5667076268427453,0.09276589438873332,-0.14653031930593433,-0.23642121824433976,-0.12345577303659556
534,0.0,0.0,0.0,0.0,0.0,0.0,0.5,0.0,0.0,-1.0,-0.33611601443843975,0.04475794494496321,-0.6769369374753476,-0.31389932913633745,-0.5703377520017445
535,0.0,0.0,0.0,0.0,0.0,0.0,0.0,0.0,0.0,0.0,1.4587912496348205,0.2787582291637561,2.1134315055036748,2.22273761491568,1.780623433482714
536,0.0,0.0,0.0,0.0,0.0,0.0,0.0,0.0,0.0,0.0,-0.0402660065997386,0.07010499338606334,0.05259923118886774,0.036547143080855105,0.044316280605342706
537,0.0,-1.0,0.0,0.0,0.0,0.0,0.5,0.0,-1.0,0.0,0.6434018412864697,-0.8978546479050019,0.21961803278854533,0.18626794265049001,0.1850341563378275
538,0.0,0.0,2.0,0.0,0.0,-1.0,0.0,0.0,0.0,0.0,-1.040517510917579,0.37447460137492916,1.6166841130856464,2.3475591825005013,1.3621002662272053
539,0.0,0.0,2.0,0.0,0.0,-1.0,-0.5,0.0,0.0,-1.0,-0.5766391497214576,-0.8978546479050019,-0.37865091862510014,-1.2819920094896056,-0.31902368118285773
540,0.0,0.0,2.0,0.0,0.0,0.0,0.5,0.0,0.0,0.0,0.9795952066605171,-0.8978546479050019,0.8606715976513515,0.5908602950321235,0.7251391925028418
541,0.0,-1.0,0.0,1.0,0.0,0.0,0.0,-27.0,-1.0,-1.0,-0.18996045003485337,-0.8978546479050019,-1.0671112485134573,-0.8166430144313249,3.505546102882043
542,0.0,0.0,0.0,0.0,0.0,0.0,-0.5,0.0,0.0,0.0,0.6418564997392252,0.1358659688713622,0.9882872980445914,0.8910512459213396,0.8326588854802387
543,0.0,0.0,0.0,1.0,0.0,0.0,0.0,-15.0,0.0,-1.0,0.12717732259468761,-0.8978546479050019,-0.24315902694288585,-0.4349831404641552,1.1210535446582444
544,0.0,0.0,2.0,1.0,0.0,0.0,0.0,10.0,0.0,0.0,0.6730071559001901,0.05868932721331167,0.8606715976513515,0.6285012877332258,0.17483199585050424
545,0.0,0.0,0.0,1.0,0.0,0.0,0.5,0.0,0.0,-1.0,-0.8188465037409324,0.1091127682023102,-0.24315902694288585,-0.28528750902104044,-0.2048680831670351
546,0.0,0.0,2.0,0.0,0.0,0.0,0.0,0.0,0.0,0.0,0.3423235410905231,0.21924982165961782,1.1023124487214864,1.1514301758696202,0.9287281712711166
547,0.0,0.0,0.0,0.0,0.0,0.0,0.5,0.0,0.0,0.0,0.5999149823665422,-0.8978546479050019,0.26741836533197183,0.13393362448651855,0.22530723452060356
548,0.0,-1.0,1.0,0.0,1.0,0.0,-0.5,0.0,-1.0,-1.0,0.2903361541690526,-0.8978546479050019,-0.4281834142321657,-0.23862942775758392,-0.36075615378352527
549,0.0,0.0,1.0,1.0,0.0,0.0,0.0,0.0,0.0,0.0,-0.5572888328448828,0.11439174298208912,-0.7996928831814855,-0.09455236878156474,-0.673762969688933
550,0.0,-1.0,0.0,0.0,0.0,0.0,0.0,0.0,-1.0,-1.0,0.3511502505842325,-0.8978546479050019,-0.5155184865712722,-0.16544262260095702,-0.43433832380746396
551,0.0,0.0,2.0,1.0,0.0,0.0,0.5,0.0,0.0,0.0,0.14014642949847103,0.0009980355881137758,-0.3440837281663847,-0.039206071541584266,-0.2898998845515688
552,-1.0,0.0,0.0,0.0,0.0,0.0,0.5,0.0,0.0,0.0,-0.03898954207486818,0.11767835300192264,0.644392929650719,0.26942364380586775,0.542918541679065
553,0.0,0.0,1.0,0.0,0.0,0.0,0.0,0.0,0.0,-1.0,-0.6187804342046904,0.08898161449901915,-0.47143104436158756,-0.29363131838517903,-0.39719345655416277
554,0.0,-1.0,0.0,0.0,0.0,0.0,0.5,0.0,-1.0,-1.0,-0.651427064263707,-0.8978546479050019,-1.2136415678193917,-1.371995624643342,-1.0225259772461321
555,0.0,-1.0,0.0,0.0,0.0,0.0,0.5,10.0,-1.0,-1.0,-0.31917414366660096,-0.8978546479050019,-1.3380799381546462,-0.9721454057656189,-1.6776758800218226
556,-1.0,-1.0,0.0,0.0,0.0,0.0,0.0,0.0,-1.0,-1.0,0.10506628868828763,-0.8978546479050019,-0.24315902694288585,-0.4615926936057741,-0.2048680831670351
557,0.0,0.0,0.0,0.0,0.0,0.0,-0.5,0.0,0.0,-1.0,-1.8937649249485058,0.12779440343602286,-0.3031739378863274,-0.6038854032227237,-0.2554322753379096
558,-1.0,-1.0,0.0,0.0,0.0,0.0,-0.5,0.0,-1.0,0.0,1.3703918547580394,-0.8978546479050019,0.7117953603778812,1.0611650405785373,0.5997069198753476
559,0.0,0.0,3.0,0.0,0.0,0.0,-0.5,0.0,0.0,0.0,1.3038059485965878,-0.8978546479050019,1.7362920094863061,0.9810321433116596,1.4628731668894523
560,0.0,-1.0,3.0,0.0,1.0,0.0,0.0,0.0,-1.0,0.0,1.281424538651664,-0.8978546479050019,1.8724786574478665,0.9540972057671323,1.5776141159366868
561,0.0,0.0,1.0,0.0,1.0,0.0,0.0,0.0,0.0,-1.0,-0.40297740281037125,-0.8978546479050019,-0.6769369374753476,-1.0729985493620187,-0.5703377520017445
562,0.0,-1.0,0.0,0.0,0.0,-1.0,0.0,0.0,-1.0,0.0,1.9589226628664467,-0.8978546479050019,1.446055040694143,1.7694332237912496,1.2183406393159355
563,0.0,0.0,0.0,1.0,1.0,-1.0,-0.5,-15.0,0.0,0.0,-0.5523273143728575,0.15600785802417558,0.5764972010411362,0.20289098926744364,1.811636174446652
564,0.0,0.0,1.0,1.0,0.0,-1.0,-0.5,-15.0,0.0,-1.0,-0.5283147808876653,0.04834085450895541,-0.282992187818544,-0.4494844436101102,1.0874930249535937
565,0.0,-1.0,0.0,0.0,0.0,0.0,0.0,0.0,-1.0,0.0,1.36406746542109,-0.8978546479050019,0.7252392388150712,1.0535539458254723,0.61103375252633
566,0.0,0.0,1.0,0.0,1.0,-1.0,0.5,-15.0,0.0,0.0,1.4486786109651106,0.17023317455918965,0.5066322445696168,1.6945656126884145,1.7527730514410216
567,0.0,-1.0,0.0,0.0,0.0,0.0,0.5,0.0,-1.0,-0.8192817594065211,0.07429126728193497,-0.8978546479050019,-0.8742647811645953,-0.4986289340191982,-0.7365918187347699
568,0.0,0.0,2.0,1.0,0.0,0.0,0.0,0.0,0.0,-1.0,-0.8023768704286736,0.0676785506687607,-2.3734363762645594,-0.5430934054100576,-1.9996845975142123
569,-1.0,-1.0,0.0,0.0,0.0,-1.0,0.0,0.0,-1.0,-1.0,0.11961499925683539,-0.8978546479050019,-0.22350148481211646,-0.44408402853589923,-0.18830607012257602
570,0.0,0.0,2.0,0.0,0.0,0.0,0.5,-20.0,0.0,-1.0,-1.5536192216936813,0.006591958865521525,-4.583586401944941,-1.4078459502163168,-1.760259951632743
571,0.0,0.0,1.0,0.0,0.0,0.0,-0.5,0.0,0.0,0.0,0.6434018412864697,-0.8978546479050019,0.5066322445696168,0.18626794265049001,0.42685142361574235
572,0.0,-1.0,0.0,0.0,0.0,0.0,0.5,0.0,-1.0,-1.0,-0.09004510843811733,-0.8978546479050019,-1.0671112485134573,-0.6963997637929275,-0.899070204209537
573,0.0,-1.0,0.0,1.0,0.0,0.0,-0.5,0.0,-1.0,-1.0,-0.0542022303284029,-0.8978546479050019,-0.3440837281663847,-0.6532646044943408,-0.2898998845515688
574,0.0,0.0,2.0,0.0,0.0,0.0,0.5,0.0,0.0,0.0,0.48972947919079796,-0.8978546479050019,0.0352012002080292,0.0013307342461697227,0.029657967061579558
575,0.0,0.0,0.0,0.0,0.0,0.0,-0.5,0.0,0.0,-1.0,-0.6824211935518432,0.0941644995941818,-1.7972449778951904,-0.3027798438404594,-1.514227697947855
576,0.0,0.0,0.0,0.0,0.0,0.0,-0.5,0.0,0.0,-1.0,-4.653116691936135,0.07191337789840205,0.1208880460260375,-1.7557975185554322,0.10185146148400843
577,-1.0,-1.0,0.0,0.0,0.0,0.0,0.0,0.0,-1.0,-1.0,0.14150480887044778,-0.8978546479050019,-0.3031739378863274,-0.4177407080634566,-0.2554322753379096
578,0.0,0.0,2.0,0.0,1.0,0.0,-0.5,0.0,0.0,0.0,-0.6136022029852093,0.19325332841077755,0.7230275203470705,0.4771385241798411,0.6091703196579678
579,0.0,0.0,1.0,0.0,0.0,0.0,-0.5,0.0,0.0,0.0,0.20685441956785067,0.0463033361112175,0.0070128415859005665,0.15830195118694704,0.005908509469380586
580,0.0,0.0,2.0,0.0,0.0,0.0,0.0,-14.0,0.0,-0.7710952803661437,0.19227710874349227,-0.8978546479050019,0.24477408532343775,-0.35663871630164495,1.4061825269725383
581,0.0,0.0,3.0,1.0,0.0,0.0,-0.5,-15.0,0.0,-1.0,-0.09817624045575507,-0.8978546479050019,-0.9042014491766842,-0.7061851854263421,0.5641073533620393
582,0.0,0.0,3.0,0.0,0.0,0.0,0.5,0.0,0.0,0.0,0.2032909045168138,0.024771202141003836,-0.3440837281663847,0.08729926710946338,-0.2898998845515688
583,0.0,-1.0,0.0,0.0,0.0,0.0,0.5,0.0,-1.0,-0.318409177984343,0.5275964333449139,-0.8978546479050019,-0.20797295505376076,0.04690177055051654,-0.17522286212493904
584,-1.0,-1.0,2.0,0.0,0.0,0.0,0.5,0.0,-1.0,-1.0,-0.1607565912853707,-0.8978546479050019,0.17078965769502033,-0.7814975918054855,0.14389492439016363
585,-1.0,-1.0,1.0,0.0,0.0,0.0,0.0,0.0,-1.0,-1.0,-0.024000760790168957,-0.8978546479050019,-0.1884195276160607,-0.6169186058388908,-0.15874856853662123
586,0.0,0.0,3.0,0.0,0.0,0.0,0.5,-15.0,0.0,0.0,1.0090188926792618,-0.8978546479050019,0.0,0.6262702690773204,1.3259216278252794
587,0.0,0.0,2.0,0.0,0.0,0.0,0.0,0.0,0.0,-1.0,0.009706479794569305,-0.8978546479050019,-0.653162563875551,-0.5763535823581339,-0.5503071966523378
588,0.0,0.0,1.0,0.0,0.0,0.0,0.5,0.0,0.0,-1.0,0.0385838261776399,-0.8978546479050019,-1.326064418280941,-0.5416011014736086,-1.1172452815952212
589,-1.0,-1.0,1.0,0.0,0.0,0.0,0.5,0.0,-1.0,-1.0,-0.4124317190331038,0.05341151224137114,-0.7996928831814855,-0.33557607571417597,-0.673762969688933
590,0.0,-1.0,2.0,0.0,0.0,-1.0,0.0,0.0,-1.0,-1.0,0.35933984151700593,-0.8978546479050019,0.5902158647318007,-0.15558684850842672,0.49727289331018115
591,0.0,0.0,0.0,0.0,0.0,0.0,0.5,0.0,0.0,0.0,1.044382222964625,-0.8978546479050019,1.7362920094863061,0.6688283159093422,1.4628731668894523
592,0.0,0.0,1.0,0.0,0.0,0.0,0.0,0.0,0.0,0.0,0.5100921246426422,0.0,-3.618918030527735,0.32457563496798936,-3.049036712204721
593,0.0,0.0,0.0,0.0,0.0,-1.0,-0.5,0.0,0.0,0.0,0.02108749578783948,0.06988628759178754,0.3240208795908362,0.08857191876864715,0.2729963898213113
594,0.0,-1.0,0.0,1.0,0.0,0.0,-0.5,-5.0,-1.0,-1.0,-0.4741470026038271,-0.8978546479050019,-1.5385422928750447,-1.1586476988223504,-0.9475006532065005
595,0.0,0.0,3.0,0.0,0.0,-1.0,-0.5,0.0,0.0,-0.21699303023795036,-0.2501121560240558,0.10164086245599398,0.07758516574968903,0.03281703502121027,0.06536760896427236
596,0.0,0.0,2.0,0.0,0.0,0.0,0.0,-5.0,0.0,0.0,0.8018403419667229,0.06827097172227672,1.3305844661401882,0.7779210679220768,1.469816552215443
597,0.0,0.0,1.0,0.0,0.0,0.0,0.5,0.0,0.0,-1.0,-0.3271495659419983,-0.0002507165929842552,-0.5604790039438385,-0.47928058770576665,-0.47221878059379424
598,0.0,0.0,0.0,1.0,0.0,0.0,-0.5,0.0,0.0,-1.0,0.21977789223115535,-0.8978546479050019,-0.14653031930593433,-0.323542861863137,-0.12345577303659556
599,0.0,0.0,0.0,0.0,0.0,0.0,-0.5,0.0,0.0,0.0,0.5153342147630474,-0.8978546479050019,-0.053846759374221745,0.03214478730090564,-0.04536735697805193
600,0.0,0.0,1.0,0.0,0.0,0.0,-0.5,0.0,0.0,0.0,0.25658733338583756,0.04902853571087301,0.0,0.21227803719457722,0.0
601,0.0,0.0,1.0,0.0,0.0,0.0,0.0,0.0,0.0,-0.030403326417308474,-0.3123885533967984,0.11910429357813088,0.616084274697227,0.0924584325775038,0.5190677311610532
602,-1.0,0.0,1.0,0.0,1.0,0.0,0.0,0.0,0.0,0.0,2.3345442233417453,-0.8978546479050019,3.5075889114298304,2.221475489970048,2.955238906229705
603,-1.0,-1.0,0.0,0.0,0.0,0.0,0.0,0.0,-1.0,-1.0,0.004861442216421787,-0.8978546479050019,-0.3235366926126416,-0.5821843492709168,-0.2725884491441172
604,-1.0,-1.0,0.0,1.0,0.0,0.0,0.0,0.0,-1.0,-1.0,0.20068744616237047,-0.8978546479050019,-0.14653031930593433,-0.34651728455702585,-0.12345577303659556
605,0.0,-1.0,3.0,0.0,0.0,0.0,-0.5,0.0,-1.0,0.0,1.6972398392429955,0.1379700105191598,2.080375737652691,1.8262067348132314,1.7527730514410216
606,0.0,-1.0,1.0,0.0,0.0,0.0,0.0,10.0,-1.0,-0.28337646353022183,0.47338550698352433,-0.2123727216668565,0.5365841986573056,0.2730441216287005,-0.09822043837434176
607,0.0,0.0,0.0,0.0,1.0,0.0,0.5,0.0,0.0,0.0,-0.6257139215892812,0.13852921550601816,0.8727805966640965,0.033403748164573345,0.735341352990165
608,0.0,0.0,2.0,0.0,0.0,0.0,0.0,0.0,0.0,0.0,0.627762399220762,-0.8978546479050019,0.08700037315178236,0.1674466353107069,0.07330017686988333
609,0.0,-1.0,0.0,0.0,1.0,0.0,0.0,0.0,-1.0,0.0,0.8820622423336058,-0.8978546479050019,-0.9563365017618785,0.47348411948542646,-0.8057394719902474
610,0.0,-1.0,0.0,0.0,0.0,0.0,0.0,10.0,-1.0,-1.0,-0.6136022029852093,-0.8978546479050019,-0.653162563875551,-1.3264752450661021,-1.1006143933046757
611,0.0,0.0,2.0,0.0,0.0,0.0,0.0,-15.0,0.0,0.0,0.7020143422448618,0.21993796009853261,0.8727805966640965,1.370094409820451,2.061262980815444
612,-1.0,-1.0,0.0,0.0,0.0,0.0,0.0,0.0,-1.0,-1.0,0.11754561592131213,-0.8978546479050019,-1.3380799381546462,-0.446574430661376,-1.1273686833694845
613,0.0,0.0,2.0,0.0,0.0,-1.0,0.5,0.0,0.0,0.0,1.193141586397235,-0.8978546479050019,1.5914123132506022,0.8478529695429151,1.3408080886120899
614,0.0,0.0,0.0,0.0,0.0,0.0,0.0,0.0,0.0,-1.0,-0.6141766406360344,0.11220075178278364,0.5066322445696168,-0.1436942092332324,0.42685142361574235
615,-1.0,0.0,0.0,0.0,0.0,0.0,-0.5,0.0,0.0,-1.0,0.001267313888688884,-0.8978546479050019,0.18701920061304778,-0.5865097077837507,0.15756875501079107
616,0.0,0.0,1.0,1.0,0.0,0.0,0.5,-15.0,0.0,-1.0,-0.6078704313450317,0.08443286653918959,0.20345830668328937,-0.31351470504817347,1.4973407761031121
617,0.0,-1.0,0.0,0.0,0.0,0.0,-0.5,0.0,-1.0,-1.0,-1.0436045198484292,0.13088191287445813,-0.26298825283744137,-0.23826119681129174,-0.22157474444454542
618,0.0,0.0,1.0,1.0,0.0,0.0,0.5,-15.0,0.0,0.0,-0.17253591105711547,0.0598773036188897,-0.3235366926126416,-0.11534428475471134,1.0533331786811622
619,-1.0,-1.0,3.0,0.0,0.0,0.0,0.5,-15.0,-1.0,0.0,-3.188521923305025,0.47831430606791286,2.2838340443359804,3.5520635614464493,3.250113827544134
620,0.0,0.0,0.0,1.0,0.0,-1.0,0.5,0.0,0.0,0.0,-0.34704559177116906,0.1437038528742016,0.0,0.22781067492329252,0.0
621,0.0,0.0,0.0,0.0,0.0,0.0,0.0,0.0,0.0,-1.0,-0.5462864273666097,0.09920590132220734,0.3601019252636824,-0.18389669672525868,0.30339565057914675
622,-1.0,0.0,0.0,0.0,0.0,0.0,-0.5,0.0,0.0,-1.0,0.25658733338583756,-0.8978546479050019,-0.3031739378863274,-0.2792444909834604,-0.2554322753379096
623,0.0,0.0,1.0,0.0,0.0,0.0,-0.5,0.0,0.0,0.0,0.017039085939049875,0.172889097285449,0.2737078574913963,0.6554656198595963,0.23060630245567074
624,-1.0,0.0,0.0,0.0,0.0,0.0,-0.5,0.0,0.0,-1.0,0.10459855398624773,-0.8978546479050019,-0.46336279195219354,-0.462155589554593,-0.39039573480637585
625,0.0,0.0,2.0,0.0,0.0,0.0,0.0,0.0,0.0,0.0,1.1150128103132728,-0.8978546479050019,1.4832760699140406,0.7538287901265882,1.2497003671683427
626,-1.0,-1.0,0.0,0.0,0.0,-1.0,0.0,0.0,-1.0,-1.0,-0.6594140058234746,0.07191337789840205,-0.2244441315787311,-0.3969563639609946,-0.18910027562096127
627,0.0,0.0,0.0,1.0,0.0,0.0,0.0,-5.0,0.0,0.0,-0.007134925338139423,0.04686728061048708,-0.07208325848785084,-0.0290639170848716,0.2880309048649605
628,0.0,0.0,2.0,0.0,1.0,0.0,-0.5,0.0,0.0,0.0,0.7020143422448618,0.02984119739224366,-0.3857441985435793,0.5833242383638784,-0.3249999621317343
629,0.0,-1.0,0.0,0.0,0.0,0.0,0.5,0.0,-1.0,-1.0,-0.20068988936097987,-0.8978546479050019,-1.3702851863997827,-0.829555372448455,-1.1545024795474461
630,0.0,0.0,0.0,0.0,0.0,0.0,-0.5,0.0,0.0,0.0,0.624856396766616,0.08898161449901915,1.1348251560954172,0.6783856807144447,0.9561210101141191
631,-1.0,-1.0,0.0,0.0,0.0,-1.0,0.5,0.0,-1.0,-1.0,-0.2299303714041009,-0.8978546479050019,-1.1506353763385315,-0.8647448694256982,-0.969441549994453
632,0.0,0.0,0.0,0.0,0.0,0.0,-0.5,-15.0,0.0,0.0,1.2769676552460354,-0.8978546479050019,0.8727805966640965,0.9487335635091488,2.061262980815444
633,0.0,0.0,0.0,0.0,0.0,0.0,0.5,0.0,0.0,0.0,0.6182523031930737,-0.8978546479050019,1.578538737498295,0.15600169760666655,1.3299617514596551
634,0.0,-1.0,0.0,0.0,0.0,-1.0,0.0,0.0,-1.0,0.0,1.8643496908610555,-0.8978546479050019,1.3364361314707855,1.6556192549379032,1.1259837316008654
635,0.0,0.0,2.0,0.0,1.0,0.0,-0.5,0.0,0.0,0.0,2.098039217846334,-0.002274135693953163,0.3601019252636824,2.0397555538490755,0.30339565057914675
636,-1.0,-1.0,0.0,0.0,0.0,0.0,-0.5,10.0,-1.0,-0.9634709318508823,-0.5772475429816252,-0.8608013872647158,-0.6155978794352489,-1.256787336186506,-1.0689651265971443
637,0.0,-1.0,0.0,1.0,0.0,0.0,-0.5,0.0,-1.0,-1.0,-0.09084300058928974,0.02854199266920327,-0.5604790039438385,-0.16897621014927386,-0.47221878059379424
638,0.0,0.0,1.0,0.0,0.0,0.0,0.5,0.0,0.0,0.0,1.07074449636678,0.10076702975419503,0.7740506099015886,1.1250364766954217,0.6521586581363459
639,0.0,-1.0,2.0,0.0,0.0,0.0,-0.5,0.0,-1.0,0.0,0.5267998842434645,0.19459598838276196,0.5348367306639417,1.0997616665935424,0.45061446904120755
640,0.0,0.0,2.0,1.0,0.0,0.0,0.0,0.0,0.0,-1.0,-0.06043979382439701,-0.1872188188554634,-0.3857441985435793,-0.5505764646283717,-0.3249999621317343
641,0.0,0.0,2.0,0.0,0.0,-1.0,-0.5,0.0,0.0,-0.8915371576818529,0.4256360735745867,-0.8978546479050019,-1.1646373914036017,-0.07580255992684763,-0.9812386279105878
642,0.0,-1.0,0.0,1.0,1.0,0.0,-0.5,0.0,-1.0,-1.0,-0.5667076268427453,0.09590667680391354,-0.47143104436158756,-0.21740069746839655,-0.39719345655416277
643,0.0,0.0,1.0,0.0,0.0,0.0,0.5,0.0,0.0,0.0,0.6325927044966286,0.21927281867709733,2.044620165098335,1.322412344797994,1.7226480106237156
644,0.0,0.0,2.0,0.0,1.0,0.0,-0.5,-23.0,0.0,0.0,0.5812952839458148,-0.8978546479050019,0.26741836533197183,0.11152572367533786,3.009126992472476
645,0.0,0.0,0.0,0.0,0.0,0.0,0.0,0.0,0.0,0.0,1.1151851036943028,-0.8978546479050019,0.5066322445696168,0.7540361368249775,0.42685142361574235
646,0.0,0.0,0.0,1.0,0.0,0.0,0.0,0.0,0.0,-1.0,-1.0358767999611351,0.0011222504046555005,-0.6063478757726528,-1.0676350984682133,-0.5108645506758187
647,0.0,0.0,0.0,0.0,0.0,0.0,0.0,0.0,0.0,0.0,0.05871738257740782,0.1492733409761657,1.0913705869025412,0.517310620897638,0.9195093555631055
648,0.0,-1.0,0.0,0.0,0.0,0.0,0.0,0.0,-1.0,0.0,1.6386273382846035,-0.8978546479050019,0.5626951407065197,1.3839733897304956,0.4740859359954011
649,0.0,-1.0,1.0,0.0,0.0,0.0,0.5,-15.0,-1.0,-1.0,-0.06356876676325475,-0.8978546479050019,-0.282992187818544,-0.6645367752155823,1.0874930249535937
650,0.0,0.0,0.0,1.0,0.0,-1.0,0.0,-15.0,0.0,-0.34953302240810613,-0.6219169289135656,0.1265280458158926,-0.09891511472609835,0.000905850714113642,1.2425829576349974
651,0.0,0.0,0.0,1.0,0.0,0.0,-0.5,0.0,0.0,-1.0,-0.7629664231583242,0.08765278689461896,-0.3440837281663847,-0.39501522133580275,-0.2898998845515688
652,0.0,0.0,1.0,1.0,0.0,0.0,0.5,0.0,0.0,0.0,0.47419840653864104,0.01183976032723211,0.8484976707196721,0.3149789960576095,0.7148823284807032
653,0.0,0.0,3.0,1.0,0.0,0.0,0.0,0.0,0.0,-1.0,-0.2713248209506169,-0.8978546479050019,-1.2441176218201626,-0.9145610747482931,-1.0482028803170589
654,-1.0,-1.0,0.0,0.0,0.0,-1.0,0.5,0.0,-1.0,-0.5285138944476451,-0.4846958016594003,0.08260778093813664,-0.47143104436158756,-0.23775864132100596,-0.39719345655416277
655,0.0,-1.0,0.0,0.0,0.0,0.0,-0.5,0.0,-1.0,0.0,2.3887047528159306,-0.8978546479050019,3.0009566668602137,2.2866550511485237,2.5283874826139625
656,0.0,0.0,2.0,0.0,0.0,-1.0,0.5,-15.0,0.0,-0.7927811339138597,0.0009850029230107351,0.08423424984692192,-0.9813524846169914,0.1381099785691762,0.4991055109722012
657,0.0,-1.0,0.0,0.0,1.0,0.0,0.5,10.0,-1.0,0.0,2.3839423007865856,-0.8978546479050019,3.689320430943794,2.2809236719242088,2.5580454496755425
658,-1.0,-1.0,0.0,0.0,0.0,-1.0,-0.5,0.0,-1.0,-1.0,-1.3130522277748724,0.07852001594699563,-0.46755680408040307,-0.7785758644469856,-0.39392930391252096
659,0.0,0.0,0.0,0.0,0.0,0.0,0.0,0.0,0.0,0.0,-1.1183533179038694,0.1594125208715469,0.05259923118886774,-0.028085570144165913,0.044316280605342706
660,0.0,0.0,2.0,0.0,1.0,0.0,-0.5,-5.0,0.0,0.0,1.2761978268596317,0.26276271225597353,2.4705500486908005,2.005628759693319,2.430268511206013
661,0.0,0.0,0.0,0.0,0.0,0.0,0.0,0.0,0.0,-1.0,-0.6136022029852093,0.09294918091973073,-0.47143104436158756,-0.26609861085818226,-0.39719345655416277
662,0.0,-1.0,2.0,0.0,0.0,0.0,-0.5,0.0,-1.0,-1.0,0.18298953388961942,-0.8978546479050019,0.1376440773042809,-0.36781586060331234,0.11596887284487392
663,0.0,-1.0,1.0,0.0,0.0,0.0,0.5,0.0,-1.0,0.0,0.1928486265694602,0.07140957306117943,-0.20401267902961573,0.23650429627715652,-0.17188622203355922
664,0.0,0.0,0.0,0.0,0.0,0.0,0.5,0.0,0.0,0.0,-0.2713248209506169,0.13887214406066717,0.15427735267250997,0.24125326104028091,0.12998285901812395
665,0.0,0.0,3.0,1.0,0.0,-1.0,0.5,-15.0,0.0,-1.0,-0.37741631752419397,0.061755662881153195,-1.3702851863997827,-0.2687197980468474,0.1714191482778332
666,-1.0,-1.0,0.0,0.0,0.0,0.0,0.0,0.0,-1.0,-1.0,0.11961499925683539,-0.8978546479050019,-2.4244594658190763,-0.44408402853589923,-2.0426729359925906
667,-1.0,-1.0,0.0,1.0,0.0,0.0,-0.5,-4.0,-1.0,-1.0,-0.3563573860275932,-0.8978546479050019,-1.2025259856811108,-1.0168936282038348,-0.8004114034947437
668,0.0,0.0,0.0,1.0,0.0,-1.0,0.5,0.0,0.0,0.0,0.9941012843171155,-0.8978546479050019,-0.47143104436158756,0.6083176534674509,-0.39719345655416277
669,0.0,-1.0,0.0,0.0,0.0,0.0,0.0,0.0,-1.0,-1.0,-0.12599203509643583,-0.8978546479050019,-0.3795508089931361,-0.7396601404556189,-0.31978186325439195
670,0.0,0.0,2.0,1.0,1.0,0.0,0.0,0.0,0.0,-1.0,-1.0266581044778589,0.07719163464179464,-0.6296345612741081,-0.6258624716148314,-0.5304842155592334
671,0.0,0.0,2.0,0.0,0.0,0.0,0.5,0.0,0.0,0.0,1.5671195935149695,0.01126707359526707,1.2806828544712054,1.4604445390745775,1.0790100817520882
672,-1.0,-1.0,0.0,0.0,0.0,0.0,0.5,0.0,-1.0,-1.0,-0.24265252934713463,-0.8978546479050019,-3.2940173054720816,-0.8800553673107943,-2.775299028687154
673,-1.0,0.0,0.0,0.0,0.0,0.0,0.0,-10.0,0.0,0.0,1.3835812744180944,-0.8978546479050019,0.0,1.0770378651980028,0.7756144311729415
674,0.0,0.0,0.0,0.0,0.0,0.0,0.5,0.0,0.0,0.0,1.823606463217402,-0.8978546479050019,0.0,1.606586763479823,0.0
